ACURA,MDX,,07-10,,,,,6549,,,,,,,,206007,206007-2,,,,,,,,,,,,,,,,,,,,,,,,2809006,,,,,,,,2808523,2808525,,,,,,,,,,,,,,,,,,,
ACURA,MDX,,02-06,,,,,6548,,,,,,,,206003,206003-2,,,,,,,,,,,,,,,,,,,,,,,,2809004,,,,,,,,2012121,2012122,,,,,,,,,,,,,,,,,,,
CADILLAC,ESCALADE,,07-14,4066,4066-2,,,,B35-4014,35-4001,,,,,,204031,204031-2,,,,,,,,,S224031,S224031-2,,,,,,,,,,2808842,2808844,,,,2110181,2010272,,,,,,2011741,2011742,,,,,,,,,2030251,2030252,,,,,,,,,
CADILLAC,ESCALADE,,02-06,4049,4049-2,,,,,,,,,,,204031,204031-2,,,,,,,,,S224031,S224031-2,,,,,,,,,,2808822,2808823,,,,,,,,,,,2011741,2011742,,,,,,,,,2030251,2030252,,,,,,,,,
CHEVROLET/GMC,ACADIA,Except Denali,07-14,,4073-2,,,,,,,,,,,204031,204031-2,,,,,,,,,S224031,S224031-2,,,,,,,,,,,2808852,,,,,,,,,,,2011741,2011742,,,,,,,,,2030251,2030252,,,,,,,,,
CHEVROLET/GMC,AVALANCHE 1500,,07-13,4065,4065-2,,,,B35-4014,35-4014,B35-4014-3,P35-4014,,,,204004,204004-2,,,,,,,,,,,,,,,S2891,B2891,GS2891,GB2891,4490,,2060692,,,,2110181,2110182,2090134,2090133,,,,2011641,2011642,,,,,,,,,,,,,,,2050151,2050041,2807730,2807724,2080010
CHEVROLET/GMC,AVALANCHE 1500,w/o Plastic Clad,03-06,4059,4059-2,,,,,,,,,,,204004,204004-2,,,,,,,,,,,,,,,S2891,B2891,GS2891,GB2891,4490,,2060642,,,,,,,,,,,2011641,2011642,,,,,,,,,,,,,,,2050151,2050041,2807730,2807724,2080010
CHEVROLET/GMC,AVALANCHE 1500,w/ Plastic Clad,02-06,4052,4052-2,,,,,,,,,,,204004,204004-2,,,,,,,,,,,,,,,S2891,B2891,GS2891,GB2891,4490,,2060602,,,,,,,,,,,2011641,2011642,,,,,,,,,,,,,,,2050151,2050041,2807730,2807724,2080010
CHEVROLET/GMC,AVALANCHE 1500,,2001,,,,,,B35-4001,35-4001,B35-4001-3,P35-4001,TB45-4001,45-4001,AL45-4001,204004,204004-2,,,,,,,,,,,,,,,S2891,B2891,GS2891,GB2891,4490,,,,,,2010271,2010272,2010564,2010563,2808082,2020222,2020075,2011641,2011642,,,,,,,,,,,,,,,2050151,2050041,2807730,2807724,2080010
CHEVROLET/GMC,AVALANCHE 2500,,07-13,,,,,,B35-4007,35-4007,,,,,,204030,204030-2,,,,,,,,,,,,,,,S2891,B2891,GS2891,GB2891,4490,,,,,,2010321,2010322,,,,,,2808437,2808438,,,,,,,,,,,,,,,2050151,2050041,2807730,2807724,2080010
CHEVROLET/GMC,AVALANCHE 2500,,01-06,,,,,,B35-4002,35-4002,B35-4002-3, P35-4002 ,TB45-4002,45-4002,AL45-4002,,,,,,,,,,,,,,,,,,,,,,,,,,,2010281,2010282,2010574,,2808083,2020232,2020085,,,,,,,,,,,,,,,,,,,,,
CHEVROLET/GMC,BLAZER,"Downsize, 4WD",98-04,4044,,,,,,,,,,,,,,,,,,,,,,,,,,,,,,,,,,,,,,,,,,,,,,,,,,,,,,,,,,,,,,,,,
CHEVROLET/GMC,BLAZER,Full Size,92-94,,,,,,,,,,,,,204018,204018-2,,,,,,,,,,,,,,,,,,,,,,,,,,,,,,,,2011721,2011722,,,,,,,,,,,,,,,,,,,
CHEVROLET/GMC,BLAZER,Full Size,76-91,,,,,,,,,,,,,204044,204044-2,,,,,,,,,,,,,,,,,,,,,,,,,,,,,,,,2011831,2011832,,,,,,,,,,,,,,,,,,,
CHEVROLET/GMC,C1500 PICKUP (2WD),Regular Cab,88-99,4042,4042-2,,,,B35-4009,35-4009,,,,,,204018,204018-2,,,,,,,,,,,,,,,,,,,,,2060512,,,,2010341,2010342,,,,,,2011721,2011722,,,,,,,,,,,,,,,,,,,
CHEVROLET/GMC,C1500 PICKUP (2WD),"Regular Cab, Short Bed",73-87,,,,,,,,,,,,,204036,204036-2,,,,,,,,,,,,,,,,,,,,,,,,,,,,,,,,2011771,2011772,,,,,,,,,,,,,,,,,,,
CHEVROLET/GMC,C1500 PICKUP (2WD),"Regular Cab, Long Bed",73-87,,,,,,,,,,,,,204038,204038-2,,,,,,,,,,,,,,,,,,,,,,,,,,,,,,,,2011791,2011792,,,,,,,,,,,,,,,,,,,
CHEVROLET/GMC,C1500 PICKUP (2WD),Regular Cab,67-72,,,,,,,,,,,,,204035,204035-2,,,,,,,,,,,,,,,,,,,,,,,,,,,,,,,,2808442,2808443,,,,,,,,,,,,,,,,,,,
CHEVROLET/GMC,C1500 PICKUP (2WD),Extended Cab,88-99,4042,4042-2,,,,B35-4009,35-4009,,,,,,204001,204001-2,,,,,,,,,,,,,,,S2875,B2875,GS2875,GB2875,4491,,2060512,,,,2010341,2010342,,,,,,2011611,2011612,,,,,,,,,,,,,,,2050131,2050021,2807728,2807722,2080020
CHEVROLET/GMC,C2500/3500 PICKUP (2WD),Regular Cab,88-99,4042,4042-2,,,,B35-4009,35-4009,,,,,,204018,204018-2,,,,,,,,,,,,,,,,,,,,,2060512,,,,2010341,2010342,,,,,,2011721,2011722,,,,,,,,,,,,,,,,,,,
CHEVROLET/GMC,C2500/3500 PICKUP (2WD),"Regular Cab, Short Bed",73-87,,,,,,,,,,,,,204040,204040-2,,,,,,,,,,,,,,,,,,,,,,,,,,,,,,,,2011811,2011812,,,,,,,,,,,,,,,,,,,
CHEVROLET/GMC,C2500/3500 PICKUP (2WD),"Regular Cab, Long Bed",73-87,,,,,,,,,,,,,204041,204041-2,,,,,,,,,,,,,,,,,,,,,,,,,,,,,,,,2011821,2011822,,,,,,,,,,,,,,,,,,,
CHEVROLET/GMC,C2500/3500 PICKUP (2WD),Regular Cab,67-72,,,,,,,,,,,,,204035,204035-2,,,,,,,,,,,,,,,,,,,,,,,,,,,,,,,,2808442,2808443,,,,,,,,,,,,,,,,,,,
CHEVROLET/GMC,C2500/3500 PICKUP (2WD),Extended Cab,88-99,4042,4042-2,,,,B35-4009,35-4009,,,,,,204001,204001-2,,,,,,,,,,,,,,,S2875,B2875,GS2875,GB2875,4491,,2060512,,,,2010341,2010342,,,,,,2011611,2011612,,,,,,,,,,,,,,,2050131,2050021,2807728,2807722,2080020
CHEVROLET/GMC,COLORADO/CANYON,Extended Cab,04-13,4080,4080-2,,,,B35-4010,35-4010,,,,,,204002,204002-2,,,,,,,,,,,,,,,,,,,,,2060792,,,,2010351,2010352,,,,,,2808417,2808418,,,,,,,,,,,,,,,,,,,
CHEVROLET/GMC,COLORADO/CANYON,Crew Cab,04-13,4080,4080-2,,,,B35-4010,35-4010,,,,,,204016,204016-2,,,,,,,,,,,,,,,,,,,,,2060792,,,,2010351,2010352,,,,,,2011701,2011702,,,,,,,,,,,,,,,,,,,
CHEVROLET/GMC,ENVOY,Except extended models,01-09,,,,,,,,,,,,,204015,204015-2,,,,,,,,,,,,,,,,,,,,,,,,,,,,,,,,2808431,2808432,,,,,,,,,,,,,,,,,,,
CHEVROLET/GMC,EQUINOX,,10-14,,,,,4551,,,,,,,,204032,204032-2,,,,,,,,,,,,,,,,,,,,,,,,2808877,,,,,,,,2011751,2011752,,,,,,,,,,,,,,,,,,,
CHEVROLET/GMC,K1500 PICKUP (4WD),Regular Cab,88-99,4042,4042-2,,,,B35-4009,35-4009,,,,,,204018,204018-2,,,,,,,,,,,,,,,,,,,,,2060512,,,,2010341,2010342,,,,,,2011721,2011722,,,,,,,,,,,,,,,,,,,
CHEVROLET/GMC,K1500 PICKUP (4WD),"Regular Cab, Short Bed",73-87,,,,,,,,,,,,,204040,204040-2,,,,,,,,,,,,,,,,,,,,,,,,,,,,,,,,2011811,2011812,,,,,,,,,,,,,,,,,,,
CHEVROLET/GMC,K1500 PICKUP (4WD),"Regular Cab, Long Bed",73-87,,,,,,,,,,,,,204041,204041-2,,,,,,,,,,,,,,,,,,,,,,,,,,,,,,,,2011821,2011822,,,,,,,,,,,,,,,,,,,
CHEVROLET/GMC,K1500 PICKUP (4WD),Regular Cab,67-72,,,,,,,,,,,,,204036,204036-2,,,,,,,,,,,,,,,,,,,,,,,,,,,,,,,,2011771,2011772,,,,,,,,,,,,,,,,,,,
CHEVROLET/GMC,K1500 PICKUP (4WD),Extended Cab,88-99,4042,4042-2,,,,B35-4009,35-4009,,,,,,204001,204001-2,,,,,,,,,,,,,,,S2875,B2875,GS2875,GB2875,4491,,2060512,,,,2010341,2010342,,,,,,2011611,2011612,,,,,,,,,,,,,,,2050131,2050021,2807728,2807722,2080020
CHEVROLET/GMC,K2500/3500 PICKUP (4WD),Regular Cab,88-99,4042,4042-2,,,,B35-4009,35-4009,,,,,,204018,204018-2,,,,,,,,,,,,,,,,,,,,,2060512,,,,2010341,2010342,,,,,,2011721,2011722,,,,,,,,,,,,,,,,,,,
CHEVROLET/GMC,K2500/3500 PICKUP (4WD),"Regular Cab, Short Bed",73-87,,,,,,,,,,,,,204040,204040-2,,,,,,,,,,,,,,,,,,,,,,,,,,,,,,,,2011811,2011812,,,,,,,,,,,,,,,,,,,
CHEVROLET/GMC,K2500/3500 PICKUP (4WD),"Regular Cab, Long Bed",73-87,,,,,,,,,,,,,204041,204041-2,,,,,,,,,,,,,,,,,,,,,,,,,,,,,,,,2011821,2011822,,,,,,,,,,,,,,,,,,,
CHEVROLET/GMC,K2500/3500 PICKUP (4WD),Regular Cab,67-72,,,,,,,,,,,,,204036,204036-2,,,,,,,,,,,,,,,,,,,,,,,,,,,,,,,,2011771,2011772,,,,,,,,,,,,,,,,,,,
CHEVROLET/GMC,K2500/3500 PICKUP (4WD),Extended Cab,88-99,4042,4042-2,,,,B35-4009,35-4009,,,,,,204001,204001-2,,,,,,,,,,,,,,,S2875,B2875,GS2875,GB2875,4491,,2060512,,,,2010341,2010342,,,,,,2011611,2011612,,,,,,,,,,,,,,,2050131,2050021,2807728,2807722,2080020
CHEVROLET/GMC,S-10 PICKUP,4WD,98-04,4044,,,,,,,,,,,,,,,,,,,,,,,,,,,,,,,,,,,,,,,,,,,,,,,,,,,,,,,,,,,,,,,,,
CHEVROLET/GMC,SILVERADO/SIERRA/SIERRA 1500,Regular Cab,07-15,,,,,,,,,,,,,204048,204048-2,R,P204048,,R,,,,,S224048,S224048-2,R,564048,,,,,,,,,,,,,,,,,,,,2011861,2011862,,2090164,,,,,,,2030281,2030282,,,,,,,,,
CHEVROLET/GMC,SILVERADO/SIERRA/SIERRA 1500,Regular Cab,14-15,4083,4083-2,P4083,,,B35-4012,35-4012,B35-4012-3,P35-4012,TB45-4012,45-4012,AL45-4012,204048,204048-2,R,P204048,,R,,,,,S224048,S224048-2,R,564048,,,,,,,,,2060822,2090084,,,2010361,2010362,2010604,2010603,2808086,2020262,2020115,2011861,2011862,,2090164,,,,,,,2030281,2030282,,,,,,,,,
CHEVROLET/GMC,SILVERADO/SIERRA/SIERRA 1500,Regular Cab,08-13,4068,4068-2,P4068,,,B35-4005,35-4005,B35-4005-3, P35-4005 ,TB45-4005,45-4005,AL45-4005,204017,204017-2,B,P204017,P204017-2,B,,,,,S224017,S224017-2,B,364020,,S,S2853,B2853,,,4492,,2060722,2090064,,,2010301,2010302,2010584,,2808084,2020242,2020095,2011711,2011712,,2010774,2807851,,,,,,2030241,2030242,,2110061,,,2050121,2050011,,,2080030
CHEVROLET/GMC,SILVERADO/SIERRA/SIERRA 1500,Regular Cab,03-07,4059,4059-2,,,,B35-4001,35-4001,B35-4001-3, P35-4001 ,TB45-4001,45-4001,AL45-4001,204017,204017-2,B,P204017,P204017-2,B,,,,,S224017,S224017-2,B,364020,,S,S2853,B2853,,,4492,,2060642,,,,2010271,2010272,2010564,,2808082,2020222,2020075,2011711,2011712,,2010774,2807851,,,,,,2030241,2030242,,2110061,,,2050121,2050011,,,2080030
CHEVROLET/GMC,SILVERADO/SIERRA/SIERRA 1500,Regular Cab,01-02,4043,4043-2,,,,B35-4001,35-4001,B35-4001-3, P35-4001 ,TB45-4001,45-4001,AL45-4001,204017,204017-2,B,P204017,P204017-2,B,,,,,S224017,S224017-2,B,364020,,S,S2853,B2853,,,4492,,2060522,,,,2010271,2010272,2010564,,2808082,2020222,2020075,2011711,2011712,,2010774,2807851,,,,,,2030241,2030242,,2110061,,,2050121,2050011,,,2080030
CHEVROLET/GMC,SILVERADO/SIERRA/SIERRA 1500,Regular Cab,99-00,4043,4043-2,,,,B35-4001,35-4001,B35-4001-3, P35-4001 ,TB45-4001,45-4001,AL45-4001,204017,204017-2,B,P204017,P204017-2,B,,,,,S224017,S224017-2,B,364020,,S,S2853,B2853,,,4492,,2060522,,,,2010271,2010272,2010564,,2808082,2020222,2020075,2011711,2011712,,2010774,2807851,,,,,,2030241,2030242,,2110061,,,2050121,2050011,,,2080030
CHEVROLET/GMC,SILVERADO/SIERRA/SIERRA 1500,Extended Cab,07-15,,,,,,,,,,,,,204046,204046-2,R,P204046,,R,234046TB,,AL234046,R,S224046,S224046-2,R,,,,,,,,,,,,,,,,,,,,,2011851,2011852,,2010794,,,2808630,,2040115,,2030271,2030272,,,,,,,,,
CHEVROLET/GMC,SILVERADO/SIERRA/SIERRA 1500,Extended Cab,14-15,4083,4083-2,P4083,,,B35-4012,35-4012,B35-4012-3,P35-4012,TB45-4012,45-4012,AL45-4012,204046,204046-2,R,P204046,,R,234046TB,,AL234046,R,S224046,S224046-2,R,,,,,,,,,,2060822,2090084,,,2010361,2010362,2010604,2010603,2808086,2020262,2020115,2011851,2011852,,2010794,,,2808630,,2040115,,2030271,2030272,,,,,,,,,
CHEVROLET/GMC,SILVERADO/SIERRA/SIERRA 1500,Extended Cab,08-13,4068,4068-2,P4068,,,B35-4005,35-4005,B35-4005-3, P35-4005 ,TB45-4005,45-4005,AL45-4005,204009,204009-2,B,P204009,P204009-2,B,234009TB,234009-2,AL234009,B,S224009,S224009-2,B,364009,364009-2,"S,L",S2875,B2875,GS2875,GB2875,4493,,2060722,2090064,,,2010301,2010302,2010584,,2808084,2020242,2020095,2011651,2011652,,2010754,2807846,,2808626,2808624,2040085,,2030221,2030222,,2110031,2110032,,2050131,2050021,2807728,2807722,2080040
CHEVROLET/GMC,SILVERADO/SIERRA/SIERRA 1500,Extended Cab,03-07,4059,4059-2,,,,B35-4001,35-4001,B35-4001-3, P35-4001 ,TB45-4001,45-4001,AL45-4001,204009,204009-2,B,P204009,P204009-2,B,234009TB,234009-2,AL234009,B,S224009,S224009-2,B,364009,364009-2,"S,L",S2875,B2875,GS2875,GB2875,4493,,2060642,,,,2010271,2010272,2010564,,2808082,2020222,2020075,2011651,2011652,,2010754,2807846,,2808626,2808624,2040085,,2030221,2030222,,2110031,2110032,,2050131,2050021,2807728,2807722,2080040
CHEVROLET/GMC,SILVERADO/SIERRA/SIERRA 1500,Extended Cab,01-02,4043,4043-2,,,,B35-4001,35-4001,B35-4001-3, P35-4001 ,TB45-4001,45-4001,AL45-4001,204009,204009-2,B,P204009,P204009-2,B,234009TB,234009-2,AL234009,B,S224009,S224009-2,B,364009,364009-2,"S,L",S2875,B2875,GS2875,GB2875,4493,,2060522,,,,2010271,2010272,2010564,,2808082,2020222,2020075,2011651,2011652,,2010754,2807846,,2808626,2808624,2040085,,2030221,2030222,,2110031,2110032,,2050131,2050021,2807728,2807722,2080040
CHEVROLET/GMC,SILVERADO/SIERRA/SIERRA 1500,Extended Cab,99-00,4043,4043-2,,,,B35-4001,35-4001,B35-4001-3, P35-4001 ,TB45-4001,45-4001,AL45-4001,204009,204009-2,B,P204009,P204009-2,B,234009TB,234009-2,AL234009,B,S224009,S224009-2,B,364009,364009-2,"S,L",S2875,B2875,GS2875,GB2875,4493,,2060522,,,,2010271,2010272,2010564,,2808082,2020222,2020075,2011651,2011652,,2010754,2807846,,2808626,2808624,2040085,,2030221,2030222,,2110031,2110032,,2050131,2050021,2807728,2807722,2080040
CHEVROLET/GMC,SILVERADO/SIERRA/SIERRA 1500,Crew Cab,07-15,,,,,,,,,,,,,204045,204045-2,R,P204045,,R,234045TB,,AL234045,R,S224045,S224045-2,R,,,,S2891,B2891,GS2891,GB2891,4407,,,,,,,,,,,,,2011841,2011842,,2010784,,,2808629,,2040105,,2030261,2030262,,,,,2050151,2050041,2807730,2807724,2080720
CHEVROLET/GMC,SILVERADO/SIERRA/SIERRA 1500,Crew Cab,14-15,4083,4083-2,P4083,,,B35-4012,35-4012,B35-4012-3,P35-4012,TB45-4012,45-4012,AL45-4012,204045,204045-2,R,P204045,,R,234045TB,,AL234045,R,S224045,S224045-2,R,,,,S2891,B2891,GS2891,GB2891,4407,,2060822,2090084,,,2010361,2010362,2010604,2010603,2808086,2020262,2020115,2011841,2011842,,2010784,,,2808629,,2040105,,2030261,2030262,,,,,2050151,2050041,2807730,2807724,2080720
CHEVROLET/GMC,SILVERADO/SIERRA/SIERRA 1500,Crew Cab,08-13,4068,4068-2,P4068,,,B35-4005,35-4005,B35-4005-3, P35-4005 ,TB45-4005,45-4005,AL45-4005,204013,204013-2,B,P204013,P204013-2,B,,,,,S224013,S224013-2,B,,,,S2891,B2891,GS2891,GB2891,4407,,2060722,2090064,,,2010301,2010302,2010584,,2808084,2020242,2020095,2011671,2011672,,2010764,2807849,,,,,,2030231,2030232,,,,,2050151,2050041,2807730,2807724,2080720
CHEVROLET/GMC,SILVERADO/SIERRA/SIERRA 1500,Crew Cab,03-07,4059,4059-2,,,,B35-4001,35-4001,B35-4001-3, P35-4001 ,TB45-4001,45-4001,AL45-4001,204013,204013-2,B,P204013,P204013-2,B,,,,,S224013,S224013-2,B,,,,S2891,B2891,GS2891,GB2891,4407,,2060642,,,,2010271,2010272,2010564,,2808082,2020222,2020075,2011671,2011672,,2010764,2807849,,,,,,2030231,2030232,,,,,2050151,2050041,2807730,2807724,2080720
CHEVROLET/GMC,SILVERADO/SIERRA/SIERRA 1500,Crew Cab,01-02,4043,4043-2,,,,B35-4001,35-4001,B35-4001-3, P35-4001 ,TB45-4001,45-4001,AL45-4001,204013,204013-2,B,P204013,P204013-2,B,,,,,S224013,S224013-2,B,,,,S2891,B2891,GS2891,GB2891,4407,,2060522,,,,2010271,2010272,2010564,,2808082,2020222,2020075,2011671,2011672,,2010764,2807849,,,,,,2030231,2030232,,,,,2050151,2050041,2807730,2807724,2080720
CHEVROLET/GMC,SILVERADO/SIERRA/SIERRA 1500,Crew Cab,99-00,4043,4043-2,,,,B35-4001,35-4001,B35-4001-3, P35-4001 ,TB45-4001,45-4001,AL45-4001,,,,,,,,,,,,,,,,,,,,,,,2060522,,,,2010271,2010272,2010564,,2808082,2020222,2020075,,,,,,,,,,,,,,,,,,,,,
CHEVROLET/GMC,SILVERADO/SIERRA 1500HD,Crew Cab,2007,,,,,,,,,,TB45-4002,45-4002,AL45-4002,204013,204013-2,B,P204013,P204013-2,B,,,,,,,,,,,,,,,,,,,,,,,,,2808083,2020232,2020085,2011671,2011672,,2010764,2807849,,,,,,,,,,,,,,,,
CHEVROLET/GMC,SILVERADO/SIERRA 1500HD,Crew Cab,03-06,4060,4060-2,,,,B35-4002,35-4002,B35-4002-3, P35-4002 ,TB45-4002,45-4002,AL45-4002,204013,204013-2,B,P204013,P204013-2,B,,,,,,,,,,,,,,,,,2808836,,,,2010281,2010282,2010574,,2808083,2020232,2020085,2011671,2011672,,2010764,2807849,,,,,,,,,,,,,,,,
CHEVROLET/GMC,SILVERADO/SIERRA 1500HD,Crew Cab,01-02,,,,,,B35-4002,35-4002,B35-4002-3, P35-4002 ,TB45-4002,45-4002,AL45-4002,204013,204013-2,B,P204013,P204013-2,B,,,,,,,,,,,,,,,,,,,,,2010281,2010282,2010574,,2808083,2020232,2020085,2011671,2011672,,2010764,2807849,,,,,,,,,,,,,,,,
CHEVROLET/GMC,SILVERADO 2500 LD,,99-06,,,,,,B35-4002,35-4002,B35-4002-3, P35-4002 ,,,,,,,,,,,,,,,,,,,,,,,,,,,,,,2010281,2010282,2010574,,,,,,,,,,,,,,,,,,,,,,,,,
CHEVROLET/GMC,SILVERADO/SIERRA 2500/3500HD,Regular Cab,2015,4085,4085-2,,,,B35-4013,35-4013,B35-4013-3,P35-4013-3,TB45-4013,45-4013,AL45-4012,204048,204048-2,R,P204048,,R,,,,,S224048,S224048-2,R,564048,,,,,,,,,2060842,,,,2010371,2010372,2010614,,2808087,2020272,2020115,2011861,2011862,,2090164,,,,,,,2030281,2030282,,,,,,,,,
CHEVROLET/GMC,SILVERADO/SIERRA 2500/3500HD,Regular Cab,07-14,,,,,,,,,,,,,204048,204048-2,R,P204048,,R,,,,,S224048,S224048-2,R,564048,,,,,,,,,,,,,,,,,,,,2011861,2011862,,2090164,,,,,,,2030281,2030282,,,,,,,,,
CHEVROLET/GMC,SILVERADO/SIERRA 2500/3500HD,Regular Cab,11-14,4081,4081-2,,,,B35-4013,35-4013,B35-4013-3,P35-4013-3,TB45-4013,45-4013,AL45-4012,204009,204009-2,B,P204009,P204009-2,B,234009TB,234009-2,AL234009,B,S224009,S224009-2,B,364009,364009-2,"S,L",S2875,B2875,GS2875,GB2875,4493,,2060802,,,,2010371,2010372,2010614,,2808087,2020272,2020115,2011651,2011652,,2010754,2807846,,2808626,2808624,2040085,,2030221,2030222,,2110031,2110032,,2050131,2050021,2807728,2807722,2080040
CHEVROLET/GMC,SILVERADO/SIERRA 2500/3500HD,Regular Cab,08-10,4069,4069-2,,,,B35-4006,35-4006,B35-4006-3,P35-4006,TB45-4006,45-4006,AL45-4006,204009,204009-2,B,P204009,P204009-2,B,234009TB,234009-2,AL234009,B,S224009,S224009-2,B,364009,364009-2,"S,L",S2875,B2875,GS2875,GB2875,4493,,2060732,,,,2010311,2010312,2807572,2807888,2808085,2020252,2020105,2011651,2011652,,2010754,2807846,,2808626,2808624,2040085,,2030221,2030222,,2110031,2110032,,2050131,2050021,2807728,2807722,2080040
CHEVROLET/GMC,SILVERADO/SIERRA 2500/3500HD,Regular Cab,03-07,4047,4047-2,,,,B35-4001,35-4001,B35-4001-3,P35-4001,TB45-4001,45-4001,AL45-4001,204017,204017-2,B,P204017,P204017-2,B,,,,,S224017,S224017-2,B,364017,,L,S2853,B2853,,,4492,,2808819,,,,2010271,2010272,2010564,2010563,2808082,2020222,2020075,2011711,2011712,,2010774,2807851,,,,,,2030241,2030242,,2110051,,,2050121,2050011,,,2080030
CHEVROLET/GMC,SILVERADO/SIERRA 2500/3500HD,Regular Cab,00-02,4047,4047-2,,,,B35-4001,35-4001,B35-4001-3,P35-4001,TB45-4001,45-4001,AL45-4001,204017,204017-2,B,P204017,P204017-2,B,,,,,S224017,S224017-2,B,364017,,L,S2853,B2853,,,4492,,2808819,,,,2010271,2010272,2010564,2010563,2808082,2020222,2020075,2011711,2011712,,2010774,2807851,,,,,,2030241,2030242,,2110051,,,2050121,2050011,,,2080030
CHEVROLET/GMC,SILVERADO/SIERRA 2500/3500HD,Extended Cab,2015,4085,4085-2,,,,B35-4013,35-4013,B35-4013-3,P35-4013-3,TB45-4013,45-4013,AL45-4012,204046,204046-2,R,P204046,,R,234046TB,,AL234046,R,S224046,S224046-2,R,364046,364046-2,,,,,,,,2060842,,,,2010371,2010372,2010614,,2808087,2020272,2020115,2011851,2011852,,2010794,,,2808630,,2040115,,2030271,2030272,,2110271,2110272,,,,,,
CHEVROLET/GMC,SILVERADO/SIERRA 2500/3500HD,Extended Cab,07-14,,,,,,,,,,,,,204046,204046-2,R,P204046,,R,234046TB,,AL234046,R,S224046,S224046-2,R,364046,364046-2,,,,,,,,,,,,,,,,,,,2011851,2011852,,2010794,,,2808630,,2040115,,2030271,2030272,,2110271,2110272,,,,,,
CHEVROLET/GMC,SILVERADO/SIERRA 2500/3500HD,Extended Cab,11-14,4081,4081-2,,,,B35-4013,35-4013,B35-4013-3,P35-4013-3,TB45-4013,45-4013,AL45-4012,204009,204009-2,B,P204009,P204009-2,B,234009TB,234009-2,AL234009,B,S224009,S224009-2,B,364009,364009-2,"S,L",S2875,B2875,GS2875,GB2875,4493,,2060802,,,,2010371,2010372,2010614,,2808087,2020272,2020115,2011651,2011652,,2010754,2807846,,2808626,2808624,2040085,,2030221,2030222,,2110031,2110032,,2050131,2050021,2807728,2807722,2080040
CHEVROLET/GMC,SILVERADO/SIERRA 2500/3500HD,Extended Cab,08-10,4069,4069-2,,,,B35-4006,35-4006,B35-4006-3,P35-4006,TB45-4006,45-4006,AL45-4006,204009,204009-2,B,P204009,P204009-2,B,234009TB,234009-2,AL234009,B,S224009,S224009-2,B,364009,364009-2,"S,L",S2875,B2875,GS2875,GB2875,4493,,2060732,,,,2010311,2010312,2807572,2807888,2808085,2020252,2020105,2011651,2011652,,2010754,2807846,,2808626,2808624,2040085,,2030221,2030222,,2110031,2110032,,2050131,2050021,2807728,2807722,2080040
CHEVROLET/GMC,SILVERADO/SIERRA 2500/3500HD,Extended Cab,03-07,4047,4047-2,,,,B35-4001,35-4001,B35-4001-3,P35-4001,TB45-4001,45-4001,AL45-4001,204009,204009-2,B,P204009,P204009-2,B,234009TB,234009-2,AL234009,B,S224009,S224009-2,B,364009,364009-2,"S,L",S2875,B2875,GS2875,GB2875,4493,,2808819,,,,2010271,2010272,2010564,2010563,2808082,2020222,2020075,2011651,2011652,,2010754,2807846,,2808626,2808624,2040085,,2030221,2030222,,2110031,2110032,,2050131,2050021,2807728,2807722,2080040
CHEVROLET/GMC,SILVERADO/SIERRA 2500/3500HD,Extended Cab,00-02,4047,4047-2,,,,B35-4001,35-4001,B35-4001-3,P35-4001,TB45-4001,45-4001,AL45-4001,204009,204009-2,B,P204009,P204009-2,B,234009TB,234009-2,AL234009,B,S224009,S224009-2,B,364009,364009-2,"S,L",S2875,B2875,GS2875,GB2875,4493,,2808819,,,,2010271,2010272,2010564,2010563,2808082,2020222,2020075,2011651,2011652,,2010754,2807846,,2808626,2808624,2040085,,2030221,2030222,,2110031,2110032,,2050131,2050021,2807728,2807722,2080040
CHEVROLET/GMC,SILVERADO/SIERRA 2500/3500HD,Crew Cab,2015,4085,4085-2,,,,B35-4013,35-4013,B35-4013-3,P35-4013-3,TB45-4013,45-4013,AL45-4012,204045,204045-2,R,P204045,,R,234045TB,,AL234045,R,S224045,S224045-2,R,364045,364045-2,,S2891,B2891,GS2891,GB2891,4407,,2060842,,,,2010371,2010372,2010614,,2808087,2020272,2020115,2011841,2011842,,2010784,,,2808629,,2040105,,2030261,2030262,,2110251,2110252,,2050151,2050041,2807730,2807724,2080720
CHEVROLET/GMC,SILVERADO/SIERRA 2500/3500HD,Crew Cab,07-14,,,,,,,,,,,,,204045,204045-2,R,P204045,,R,234045TB,,AL234045,R,S224045,S224045-2,R,364045,364045-2,,S2891,B2891,GS2891,GB2891,4407,,,,,,,,,,,,,2011841,2011842,,2010784,,,2808629,,2040105,,2030261,2030262,,2110251,2110252,,2050151,2050041,2807730,2807724,2080720
CHEVROLET/GMC,SILVERADO/SIERRA 2500/3500HD,Crew Cab,11-14,4081,4081-2,,,,B35-4013,35-4013,B35-4013-3,P35-4013-3,TB45-4013,45-4013,AL45-4012,204013,204013-2,B,P204013,P204013-2,B,234013TB,,AL234013,B,S224013,S224013-2,B,364013,364013-2,"S,L",,,,,,,2060802,,,,2010371,2010372,2010614,,2808087,2020272,2020115,2011671,2011672,,2010764,2807849,,2808628,,2040095,,2030231,2030232,,2110041,2110042,,,,,,
CHEVROLET/GMC,SILVERADO/SIERRA 2500/3500HD,Crew Cab,08-10,4069,4069-2,,,,B35-4006,35-4006,B35-4006-3,P35-4006,TB45-4006,45-4006,AL45-4006,204013,204013-2,B,P204013,P204013-2,B,234013TB,,AL234013,B,S224013,S224013-2,B,364013,364013-2,"S,L",,,,,,,2060732,,,,2010311,2010312,2807572,2807888,2808085,2020252,2020105,2011671,2011672,,2010764,2807849,,2808628,,2040095,,2030231,2030232,,2110041,2110042,,,,,,
CHEVROLET/GMC,SILVERADO/SIERRA 2500/3500HD,Crew Cab,03-07,4047,4047-2,,,,B35-4001,35-4001,B35-4001-3,P35-4001,TB45-4001,45-4001,AL45-4001,204013,204013-2,B,P204013,P204013-2,B,234013TB,,AL234013,B,S224013,S224013-2,B,364013,364013-2,"S,L",,,,,,,2808819,,,,2010271,2010272,2010564,2010563,2808082,2020222,2020075,2011671,2011672,,2010764,2807849,,2808628,,2040095,,2030231,2030232,,2110041,2110042,,,,,,
CHEVROLET/GMC,SILVERADO/SIERRA 2500/3500HD,Crew Cab,00-02,4047,4047-2,,,,B35-4001,35-4001,B35-4001-3,P35-4001,TB45-4001,45-4001,AL45-4001,204013,204013-2,B,P204013,P204013-2,B,234013TB,,AL234013,B,S224013,S224013-2,B,364013,364013-2,"S,L",,,,,,,2808819,,,,2010271,2010272,2010564,2010563,2808082,2020222,2020075,2011671,2011672,,2010764,2807849,,2808628,,2040095,,2030231,2030232,,2110041,2110042,,,,,,
CHEVROLET/GMC,SUBURBAN,,92-99,,,,,,,,,,,,,204014,204014-2,,,,,,,,,,,,,,,,,,,,,,,,,,,,,,,,2011681,2011682,,,,,,,,,,,,,,,,,,,
CHEVROLET/GMC,SUBURBAN,,73-91,,,,,,,,,,,,,204039,204039-2,,,,,,,,,,,,,,,,,,,,,,,,,,,,,,,,2011801,2011802,,,,,,,,,,,,,,,,,,,
CHEVROLET/GMC,SUBURBAN 1500,,07-14,4065,4065-2,,,,B35-4014,35-4014,B35-4014-3,P35-4014,,,,204004,204004-2,,,,,,,,,,,,,,,,,,,,,2060692,,,,2110181,2110182,2090134,2090133,,,,2011641,2011642,,,,,,,,,,,,,,,,,,,
CHEVROLET/GMC,SUBURBAN 1500,,00-06,4047,4047-2,,,,B35-4001,35-4001,B35-4001-3,P35-4001,TB45-4001,45-4001,AL45-4001,204004,204004-2,,,,,,,,,,,,,,,,,,,,,2808819,,,,2010271,2010272,2010564,2010563,2808082,2020222,2020075,2011641,2011642,,,,,,,,,,,,,,,,,,,
CHEVROLET/GMC,SUBURBAN 2500,,07-14,,,,,,B35-4007,35-4007,,,,,,204030,204030-2,,,,,,,,,,,,,,,,,,,,,,,,,2010321,2010322,,,,,,2808437,2808438,,,,,,,,,,,,,,,,,,,
CHEVROLET/GMC,SUBURBAN 2500,,00-06,4047,4047-2,,,,,,B35-4002-3,P35-4002,TB45-4002,45-4002,AL45-4002,,,,,,,,,,,,,,,,,,,,,,,2808819,,,,,,2010574,2010573,2808083,2020232,2020085,,,,,,,,,,,,,,,,,,,,,
CHEVROLET/GMC,TAHOE,,00-15,,,,,,,,,,,,,204050,204050-2,,,,,,,,,S244050,S224050-2,,,,,S2875,B2875,GS2875,GB2875,4490,,,,,,,,,,,,,2110211,2110212,,,,,,,,,,2110242,,,,,2050131,2050021,2807728,2807722,2080010
CHEVROLET/GMC,TAHOE,,07-14,4065,4065-2,,,,B35-4003,35-4003,B35-4002-3,P35-4002,,,,204003,204003-2,,,,,,,,,,,,,,,,,,,,,2060692,,,,2010291,2010292,2010574,2010573,,,,2011631,2011632,,,,,,,,,,,,,,,,,,,
CHEVROLET/GMC,TAHOE,,00-06,4043,4043-2,,,,B35-4001,35-4001,,,TB45-4001,45-4001,AL45-4001,204003,204003-2,,,,,,,,,,,,,,,,,,,,,2060522,,,,2010271,2010272,,,2808082,2020222,2020075,2011631,2011632,,,,,,,,,,,,,,,,,,,
CHEVROLET/GMC,TAHOE,2-Door,95-99,4042,4042-2,,,,,,,,,,,204018,204018-2,,,,,,,,,,,,,,,,,,,,,2060512,,,,,,,,,,,2011721,2011722,,,,,,,,,,,,,,,,,,,
CHEVROLET/GMC,TAHOE,4-Door,95-99,4042,4042-2,,,,,,,,,,,204012,204012-2,,,,,,,,,,,,,,,,,,,,,2060512,,,,,,,,,,,2011661,2011662,,,,,,,,,,,,,,,,,,,
CHEVROLET/GMC,TRAILBLAZER,Except extended models,01-09,4051,4051-2,,,,,,,,,,,204015,204015-2,,,,,,,,,,,,,,,,,,,,,2808824,,,,,,,,,,,2808431,2808432,,,,,,,,,,,,,,,,,,,
CHEVROLET/GMC,TRAVERSE,,07-14,,,,,,,,,,,,,204031,204031-2,,,,,,,,,S224031,S224031-2,,,,,,,,,,,,,,,,,,,,,,2011741,2011742,,,,,,,,,2030251,2030252,,,,,,,,,
CHEVROLET/GMC,YUKON,,00-15,,,,,,,,,,,,,204050,204050-2,,,,,,,,,S224050,S224050-2,,,,,,,,,,,,,,,,,,,,,,2110211,2110212,,,,,,,,,2110241,2110242,,,,,,,,,
CHEVROLET/GMC,YUKON,,07-14,,,,,,,,,,,,,204003,204003-2,,,,,,,,,,,,,,,,,,,,,,,,,,,,,,,,2011631,2011632,,,,,,,,,,,,,,,,,,,
CHEVROLET/GMC,YUKON,2-Door,95-99,4042,4042-2,,,,,,,,,,,204018,204018-2,,,,,,,,,,,,,,,,,,,,2060511,2060512,,,,,,,,,,,2011721,2011722,,,,,,,,,,,,,,,,,,,
CHEVROLET/GMC,YUKON,4-Door,95-99,4042,4042-2,,,,,,,,,,,204012,204012-2,,,,,,,,,,,,,,,,,,,,2060511,2060512,,,,,,,,,,,2011661,2011662,,,,,,,,,,,,,,,,,,,
CHEVROLET/GMC,YUKON XL 1500,,07-14,4067,4067-2,,,,,,,,,,,204004,204004-2,,,,,,,,,,,,,,,,,,,,2060711,2060712,,,,,,,,,,,2011641,2011642,,,,,,,,,,,,,,,,,,,
CHEVROLET/GMC,YUKON XL 1500,,00-06,4045,4045-2,,,,,,,,,,,204004,204004-2,,,,,,,,,,,,,,,,,,,,2060541,2060542,,,,,,,,,,,2011641,2011642,,,,,,,,,,,,,,,,,,,
CHEVROLET/GMC,YUKON XL 2500,,07-14,4048,,,,,,,,,,,,204030,204030-2,,,,,,,,,,,,,,,,,,,,2808820,,,,,,,,,,,,2808437,2808438,,,,,,,,,,,,,,,,,,,
CHEVROLET/GMC,YUKON XL 2500,,00-06,4048,,,,,,,,,,,,204030,204030-2,,,,,,,,,,,,,,,,,,,,2808820,,,,,,,,,,,,2808437,2808438,,,,,,,,,,,,,,,,,,,
DODGE,DAKOTA,Regular Cab,05-13,5055,5055-2,,,,B35-5003,35-5003,,,,,,,,,,,,,,,,,,,,,,,,,,,2060951,2060952,,,,2010401,2010402,,,,,,,,,,,,,,,,,,,,,,,,,,
DODGE,DAKOTA,Regular Cab,97-04,5041,5041-2,,,,,,,,,,,205001,205001-2,,,,,,,,,,,,,,,,,,,,2060851,2808899,,,,,,,,,,,2011911,2011912,,,,,,,,,,,,,,,,,,,
DODGE,DAKOTA,Extended Cab,05-13,5055,5055-2,,,,B35-5003,35-5003,,,,,,205011,205011-2,,,,,,,,,,,,,,,,,,,,2060951,2060952,,,,2010401,2010402,,,,,,2808475,2808477,,,,,,,,,,,,,,,,,,,
DODGE,DAKOTA,Extended Cab,97-04,5041,5041-2,,,,,,,,,,,205000,205000-2,,,,,,,,,,,,,,,,,,,,2060851,2808899,,,,,,,,,,,2011901,2011902,,,,,,,,,,,,,,,,,,,
DODGE,DAKOTA,Crew Cab,05-13,5055,5055-2,,,,B35-5003,35-5003,,,,,,205010,205010-2,,,,,,,,,,,,,,,,,,,,2060951,2060952,,,,2010401,2010402,,,,,,2011981,2011982,,,,,,,,,,,,,,,,,,,
DODGE,DAKOTA,Crew Cab,00-04,5041,5041-2,,,,,,,,,,,205006,205006-2,,,,,,,,,,,,,,,,,,,,2060851,2808899,,,,,,,,,,,2808471,2808472,,,,,,,,,,,,,,,,,,,
DODGE,DURANGO,,11-14,5057,5057-2,,,,B35-5007,35-5007,,,,,,205031,205031-2,,,,,,,,,,,,,,,,,,,,2808921,2808922,,,,2807580,2808774,,,,,,2012081,2012082,,,,,,,,,,,,,,,,,,,
DODGE,DURANGO,,07-10,5053,5053-2,,,,,,,,,,,205009,205009-2,,,,,,,,,,,,,,,,,,,,2808910,2808912,,,,,,,,,,,2011971,2011972,,,,,,,,,,,,,,,,,,,
DODGE,DURANGO,,04-06,5047,5047-2,,,,,,,,,,,205009,205009-2,,,,,,,,,,,,,,,,,,,,2808901,2808902,,,,,,,,,,,2011971,2011972,,,,,,,,,,,,,,,,,,,
DODGE,DURANGO,,98-03,5041,5041-2,,,,,,,,,,,205005,205005-2,,,,,,,,,,,,,,,,,,,,2060851,2808899,,,,,,,,,,,2808468,2808469,,,,,,,,,,,,,,,,,,,
DODGE,NITRO,,07-13,5051,5051-2,,,5501,,,,,,,,205015,205015-2,,,,,,,,,,,,,,,,,,,,2060921,2808906,,,2808967,,,,,,,,2012021,2012022,,,,,,,,,,,,,,,,,,,
DODGE,RAM 1500,Regular Cab,09-15,5058,5058-2,P5058,,,B35-5005,35-5005,P35-5005,B35-5005-3,TB45-5005,45-5005,AL45-5005,205018,205018-2,R,,,,,,,,S225018,S225018-2,,365018,,L,S2853,B2853,,,4498,2060981,2060982,2090114,,,2010421,2010422,2010643,2010644,2808090,2020292,2020145,2012051,2012052,,,,,,,,,2030321,2030322,,2110111,,,2050121,2050011,,,2080080
DODGE,RAM 1500,Regular Cab,09-15,,,,,,,,,,,,,,,,,,,,,,,,,,365031,,S,,,,,,,,,,,,,,,,,,,,,,,,,,,,,,,2110141,,,,,,,
DODGE,RAM 1500,Regular Cab,06-08,5050,5050-2,,,,B35-5004,35-5004,,,,,,205013,205013-2,,,,,,,,,,,,,,,,,,,,2060911,2808904,,,,2010411,2010412,,,,,,2012001,2012002,,,,,,,,,,,,,,,,,,,
DODGE,RAM 1500,Regular Cab,02-05,5045,5045-2,,,,B35-5001,35-5001,P35-5001,B35-5001-3,TB45-5001,45-5001,AL45-5001,205013,205013-2,,,,,,,,,,,,,,,,,,,,2060871,2060872,,,,2807575,2808769,2807889,2807576,2808088,2808874,2806997,2012001,2012002,,,,,,,,,,,,,,,,,,,
DODGE,RAM 1500,Regular Cab,94-01,5042,5042-2,,,,B35-5000,35-5000,,,,,,205002,205002-2,,,,,,,,,,,,,,,,,,,,2060861,2060862,,,,2010381,2010382,,,,,,2011921,2011922,,,,,,,,,,,,,,,,,,,
DODGE,RAM 1500,Extended Cab,09-15,5058,5058-2,P5058,,,B35-5005,35-5005,P35-5005,B35-5005-3,TB45-5005,45-5005,AL45-5005,205032,205032-2,R,P205032,P205032-2,R,235017TB,235017-2,AL235017,R,S225017,S225017-2,,365017,365017-2,"S,W",S2875,B2875,GS2875,GB2875,4500,2060981,2060982,2090114,,,2010421,2010422,2010643,2010644,2808090,2020292,2020145,2012091,2012092,,2010844,2807872,,2808641,2808640,2040145,,2030311,2030312,,2110101,2110102,,2050131,2050021,2807728,2807722,2080090
DODGE,RAM 1500,Extended Cab,09-12,,,,,,,,,,,,,205017,205017-2,B,P205017,P205017-2,B,235017TB,235017-2,AL235017,R,S225017,S225017-2,,365017,365017-2,"S,W",S2875,B2875,GS2875,GB2875,4500,,,,,,,,,,,,,2808486,2808488,,2807861,2807863,,2808641,2808640,2040145,,2030311,2030312,,2110101,2110102,,2050131,2050021,2807728,2807722,2080090
DODGE,RAM 1500,Extended Cab,06-08,5050,5050-2,,,,B35-5004,35-5004,,,,,,205008,205008-2,,P205008,P205008-2,,235008TB,235008-2,AL235008,B,S225008,S225008-2,,365008,365008-2,"S,W",S2885,B2885,GS2885,GB2885,4501,2060911,2808904,,,,2010411,2010412,,,,,,2011961,2011962,,2010804,2807856,,2808635,2808633,2040125,,2030291,2030292,,2110081,2110082,,2050141,2050031,2807729,2807723,2080100
DODGE,RAM 1500,Extended Cab,02-05,5045,5045-2,,,,B35-5001,35-5001,P35-5001,B35-5001-3,TB45-5001,45-5001,AL45-5001,205008,205008-2,,P205008,P205008-2,,235008TB,235008-2,AL235008,B,S225008,S225008-2,,365008,365008-2,"S,W",S2885,B2885,GS2885,GB2885,4501,2060871,2060872,,,,2807575,2808769,2807889,2807576,2808088,2808874,2806997,2011961,2011962,,2010804,2807856,,2808635,2808633,2040125,,2030291,2030292,,2110081,2110082,,2050141,2050031,2807729,2807723,2080100
DODGE,RAM 1500,Extended Cab,98-01,5042,5042-2,,,,B35-5000,35-5000,,,,,,205003,205003-2,,,,,,,,,,,,,,,S2875,B2875,GS2875,GB2875,4502,2060861,2060862,,,,2010381,2010382,,,,,,2011931,2011932,,,,,,,,,,,,,,,2050131,2050021,2807728,2807722,2080110
DODGE,RAM 1500,Extended Cab,94-07,5042,5042-2,,,,B35-5000,35-5000,,,,,,205003,205003-2,,,,,,,,,,,,,,,,,,,,2060861,2060862,,,,2010381,2010382,,,,,,2011931,2011932,,,,,,,,,,,,,,,,,,,
DODGE,RAM 1500,Crew Cab,09-15,5058,5058-2,P5058,,,B35-5005,35-5005,P35-5005,B35-5005-3,TB45-5005,45-5005,AL45-5005,205033,205033-2,R,P205033,P205033-2,R,235033TB,,AL235033,R,S225016,S225016-2,,365016,365016-2,"S,W",S2885,B2885,GS2885,GB2885,4500,2060981,2060982,2090114,,,2010421,2010422,2010643,2010644,2808090,2020292,2020145,2012101,2012102,,2010854,2807874,,2808646,,2040165,,2030301,2030302,,2110091,2110092,,2050141,2050031,2807729,2807723,2080090
DODGE,RAM 1500,Crew Cab,09-12,5058,5058-2,P5058,,,B35-5005,35-5005,P35-5005,B35-5005-3,TB45-5005,45-5005,AL45-5005,205016,205016-2,B,P205016,P205016-2,B,235033TB,,AL235033,R,S225016,S225016-2,,365016,365016-2,"S,W",S2885,B2885,GS2885,GB2885,4500,2060981,2060982,2090114,,,2010421,2010422,2010643,2010644,2808090,2020292,2020145,2808484,2808485,,2807857,2807859,,2808646,,2040165,,2030301,2030302,,2110091,2110092,,2050141,2050031,2807729,2807723,2080090
DODGE,RAM 1500,Crew Cab,06-08,5050,5050-2,,,,B35-5004,35-5004,,,,,,,,,,,,,,,,,,,,,,,,,,,2060911,2808904,,,,2010411,2010412,,,,,,,,,,,,,,,,,,,,,,,,,,
DODGE,RAM 1500,Crew Cab,02-05,5045,5045-2,,,,B35-5001,35-5001,P35-5001,B35-5001-3,TB45-5001,45-5001,AL45-5001,,,,,,,,,,,,,,,,,,,,,,2060871,2060872,,,,2807575,2808769,2807889,2807576,2808088,2808874,2806997,,,,,,,,,,,,,,,,,,,,,
DODGE,RAM 1500,Crew Cab,94-01,5042,5042-2,,,,B35-5000,35-5000,,,,,,,,,,,,,,,,,,,,,,,,,,,2060861,2060862,,,,2010381,2010382,,,,,,,,,,,,,,,,,,,,,,,,,,
DODGE,RAM 2500,Regular Cab,09-15,5056,5056-2,P5056,,,B35-5006,35-5006,P35-5006,B35-5006-3,TB45-5006,45-5006,AL45-5006,205018,205018-2,R,,,,,,,,S225018,S225018-2,,365018,,L,S2853,B2853,,,4498,2060961,2060962,2090104,,,2010431,2010432,2010653,2010654,2808092,2020302,2020155,2012051,2012052,,,,,,,,,2030321,2030322,,2110111,,,2050121,2050011,,,2080080
DODGE,RAM 2500,Regular Cab,09-15,,,,,,,,,,,,,,,,,,,,,,,,,,365031,,S,,,,,,,,,,,,,,,,,,,,,,,,,,,,,,,2110141,,,,,,,
DODGE,RAM 2500,Regular Cab,06-08,5049,5049-2,,,,B35-5001,35-5000,P35-5001,B35-5001-3,TB45-5001,45-5001,AL45-5001,205013,205013-2,,,,,,,,,,,,,,,,,,,,2060901,2060902,,,,2807575,2010382,2807889,2807576,2808088,2808874,2806997,2012001,2012002,,,,,,,,,,,,,,,,,,,
DODGE,RAM 2500,Regular Cab,03-05,5046,5046-2,,,,B35-5001,35-5000,P35-5001,B35-5001-3,TB45-5001,45-5001,AL45-5001,205013,205013-2,,,,,,,,,,,,,,,,,,,,2060881,2060882,,,,2807575,2010382,2807889,2807576,2808088,2808874,2806997,2012001,2012002,,,,,,,,,,,,,,,,,,,
DODGE,RAM 2500,Regular Cab,94-02,5042,5042-2,,,,B35-5000,35-5000,,,,,,205002,205002-2,,,,,,,,,,,,,,,,,,,,2060861,2060862,,,,2010381,2010382,,,,,,2011921,2011922,,,,,,,,,,,,,,,,,,,
DODGE,RAM 2500,Extended Cab,09-14,5056,5056-2,P5056,,,B35-5006,35-5006,P35-5006,B35-5006-3,TB45-5006,45-5006,AL45-5006,,,,,,,,,,,,,,,,,,,,,,2060961,2060962,2090104,,,2010431,2010432,2010653,2010654,2808092,2020302,2020155,,,,,,,,,,,,,,,,,,,,,
DODGE,RAM 2500,Extended Cab,06-08,5049,5049-2,,,,B35-5001,35-5000,P35-5001,B35-5001-3,TB45-5001,45-5001,AL45-5001,205008,205008-2,,P205008,P205008-2,,235008TB,235008-2,AL235008,B,S225008,S225008-2,,365008,365008-2,"S,W",,,,,,2060901,2060902,,,,2807575,2010382,2807889,2807576,2808088,2808874,2806997,2011961,2011962,,2010804,2807856,,2808635,2808633,2040125,,2030291,2030292,,2110081,2110082,,,,,,
DODGE,RAM 2500,Extended Cab,03-05,5046,5046-2,,,,B35-5001,35-5000,P35-5001,B35-5001-3,TB45-5001,45-5001,AL45-5001,205008,205008-2,,P205008,P205008-2,,235008TB,235008-2,AL235008,B,S225008,S225008-2,,365008,365008-2,"S,W",S2885,B2885,GS2885,GB2885,4501,2060881,2060882,,,,2807575,2010382,2807889,2807576,2808088,2808874,2806997,2011961,2011962,,2010804,2807856,,2808635,2808633,2040125,,2030291,2030292,,2110081,2110082,,2050141,2050031,2807729,2807723,2080100
DODGE,RAM 2500,Extended Cab,98-02,5042,5042-2,,,,B35-5000,35-5000,,,,,,205003,205003-2,,,,,,,,,,,,,,,S2875,B2875,GS2875,GB2875,4502,2060861,2060862,,,,2010381,2010382,,,,,,2011931,2011932,,,,,,,,,,,,,,,2050131,2050021,2807728,2807722,2080110
DODGE,RAM 2500,Extended Cab,94-97,5042,5042-2,,,,B35-5000,35-5000,,,,,,205003,205003-2,,,,,,,,,,,,,,,,,,,,2060861,2060862,,,,2010381,2010382,,,,,,2011931,2011932,,,,,,,,,,,,,,,,,,,
DODGE,RAM 2500,Crew Cab,09-15,5056,5056-2,P5056,,,B35-5006,35-5006,P35-5006,B35-5006-3,TB45-5006,45-5006,AL45-5006,205033,205033-2,R,P205033,P205033-2,R,235033TB,,AL235033,R,S225019,S225019-2,,365019,365019-2,"S,W",S2885,B2885,GS2885,GB2885,4500,2060961,2060962,2090104,,,2010431,2010432,2010653,2010654,2808092,2020302,2020155,2012101,2012102,,2010854,2807874,,2808646,,2040165,,2030331,2030332,,2110121,2110122,,2050141,2050031,2807729,2807723,2080090
DODGE,RAM 2500,Crew Cab,10-13,5056,5056-2,P5056,,,B35-5006,35-5006,P35-5006,B35-5006-3,TB45-5006,45-5006,AL45-5006,205019,205019-2,B,P205019,P205019-2,B,235033TB,,AL235033,R,S225019,S225019-2,,365019,365019-2,"S,W",S2885,B2885,GS2885,GB2885,4500,2060961,2060962,2090104,,,2010431,2010432,2010653,2010654,2808092,2020302,2020155,2808492,2808493,,2807867,2807869,,2808646,,2040165,,2030331,2030332,,2110121,2110122,,2050141,2050031,2807729,2807723,2080090
DODGE,RAM 2500,Crew Cab,06-08,5049,5049-2,,,,B35-5001,35-5000,P35-5001,B35-5001-3,TB45-5001,45-5001,AL45-5001,,,,,,,,,,,,,,,,,,,,,,2060901,2060902,,,,2807575,2010382,2807889,2807576,2808088,2808874,2806997,,,,,,,,,,,,,,,,,,,,,
DODGE,RAM 2500,Crew Cab,03-05,5046,5046-2,,,,B35-5001,35-5000,P35-5001,B35-5001-3,TB45-5001,45-5001,AL45-5001,,,,,,,,,,,,,,,,,,,,,,2060881,2060882,,,,2807575,2010382,2807889,2807576,2808088,2808874,2806997,,,,,,,,,,,,,,,,,,,,,
DODGE,RAM 2500,Crew Cab,94-02,5042,5042-2,,,,B35-5000,35-5000,,,,,,,,,,,,,,,,,,,,,,,,,,,2060861,2060862,,,,2010381,2010382,,,,,,,,,,,,,,,,,,,,,,,,,,
DODGE,RAM 2500,Mega Cab,09-14,5056,5056-2,P5056,,,B35-5006,35-5006,P35-5006,B35-5006-3,TB45-5006,45-5006,AL45-5006,205030,205030-2,,,,,,,,,,,,365030,365030-2,"S,W",,,,,,2060961,2060962,2090104,,,2010431,2010432,2010653,2010654,2808092,2020302,2020155,2012071,2012072,,,,,,,,,,,,2110131,2110132,,,,,,
DODGE,RAM 2500,Mega Cab,06-08,5049,5049-2,,,,B35-5001,35-5000,P35-5001,B35-5001-3,TB45-5001,45-5001,AL45-5001,205014,205014-2,,,,,,,,,,,,,,,,,,,,2060901,2060902,,,,2807575,2010382,2807889,2807576,2808088,2808874,2806997,2808480,2808482,,,,,,,,,,,,,,,,,,,
DODGE,RAM 2500,Mega Cab,03-05,5046,5046-2,,,,B35-5001,35-5000,P35-5001,B35-5001-3,TB45-5001,45-5001,AL45-5001,,,,,,,,,,,,,,,,,,,,,,2060881,2060882,,,,2807575,2010382,2807889,2807576,2808088,2808874,2806997,,,,,,,,,,,,,,,,,,,,,
DODGE,RAM 3500,Regular Cab,09-15,5056,5056-2,P5056,,,B35-5006,35-5006,P35-5006,B35-5006-3,TB45-5006,45-5006,AL45-5006,205018,205018-2,R,,,,,,,,S225018,S225018-2,,365018,,L,S2853,B2853,,,4498,2060961,2060962,2090104,,,2010431,2010432,2010653,2010654,2808092,2020302,2020155,2012051,2012052,,,,,,,,,2030321,2030322,,2110111,,,2050121,2050011,,,2080080
DODGE,RAM 3500,Regular Cab,09-15,,,,,,,,,,,,,,,,,,,,,,,,,,365031,,S,,,,,,,,,,,,,,,,,,,,,,,,,,,,,,,2110141,,,,,,,
DODGE,RAM 3500,Regular Cab,06-08,5049,5049-2,,,,B35-5001,35-5000,P35-5001,B35-5001-3,TB45-5001,45-5001,AL45-5001,205013,205013-2,,,,,,,,,,,,,,,,,,,,2060901,2060902,,,,2807575,2010382,2807889,2807576,2808088,2808874,2806997,2012001,2012002,,,,,,,,,,,,,,,,,,,
DODGE,RAM 3500,Regular Cab,03-05,5046,5046-2,,,,B35-5001,35-5000,P35-5001,B35-5001-3,TB45-5001,45-5001,AL45-5001,205013,205013-2,,,,,,,,,,,,,,,,,,,,2060881,2060882,,,,2807575,2010382,2807889,2807576,2808088,2808874,2806997,2012001,2012002,,,,,,,,,,,,,,,,,,,
DODGE,RAM 3500,Regular Cab,94-02,5042,5042-2,,,,B35-5000,35-5000,,,,,,205002,205002-2,,,,,,,,,,,,,,,,,,,,2060861,2060862,,,,2010381,2010382,,,,,,2011921,2011922,,,,,,,,,,,,,,,,,,,
DODGE,RAM 3500,Extended Cab,09-14,5056,5056-2,P5056,,,B35-5006,35-5006,P35-5006,B35-5006-3,TB45-5006,45-5006,AL45-5006,,,,,,,,,,,,,,,,,,,,,,2060961,2060962,2090104,,,2010431,2010432,2010653,2010654,2808092,2020302,2020155,,,,,,,,,,,,,,,,,,,,,
DODGE,RAM 3500,Extended Cab,06-08,5049,5049-2,,,,B35-5001,35-5000,P35-5001,B35-5001-3,TB45-5001,45-5001,AL45-5001,205008,205008-2,,P205008,P205008-2,,235008TB,235008-2,AL235008,B,S225008,S225008-2,,365008,365008-2,"S,W",,,,,,2060901,2060902,,,,2807575,2010382,2807889,2807576,2808088,2808874,2806997,2011961,2011962,,2010804,2807856,,2808635,2808633,2040125,,2030291,2030292,,2110081,2110082,,,,,,
DODGE,RAM 3500,Extended Cab,03-05,5046,5046-2,,,,B35-5001,35-5000,P35-5001,B35-5001-3,TB45-5001,45-5001,AL45-5001,205008,205008-2,,P205008,P205008-2,,235008TB,235008-2,AL235008,B,S225008,S225008-2,,365008,365008-2,"S,W",,,,,,2060881,2060882,,,,2807575,2010382,2807889,2807576,2808088,2808874,2806997,2011961,2011962,,2010804,2807856,,2808635,2808633,2040125,,2030291,2030292,,2110081,2110082,,,,,,
DODGE,RAM 3500,Extended Cab,98-02,5042,5042-2,,,,B35-5000,35-5000,,,,,,205003,205003-2,,,,,,,,,,,,,,,,,,,,2060861,2060862,,,,2010381,2010382,,,,,,2011931,2011932,,,,,,,,,,,,,,,,,,,
DODGE,RAM 3500,Extended Cab,94-97,5042,5042-2,,,,B35-5000,35-5000,,,,,,205003,205003-2,,,,,,,,,,,,,,,,,,,,2060861,2060862,,,,2010381,2010382,,,,,,2011931,2011932,,,,,,,,,,,,,,,,,,,
DODGE,RAM 3500,Crew Cab,09-15,5056,5056-2,P5056,,,B35-5006,35-5006,P35-5006,B35-5006-3,TB45-5006,45-5006,AL45-5006,205033,205033-2,R,P205033,P205033-2,R,235033TB,,AL235033,R,S225019,S225019-2,,365019,365019-2,"S,W",,,,,,2060961,2060962,2090104,,,2010431,2010432,2010653,2010654,2808092,2020302,2020155,2012101,2012102,,2010854,2807874,,2808646,,2040165,,2030331,2030332,,2110121,2110122,,,,,,
DODGE,RAM 3500,Crew Cab,10-13,5056,5056-2,P5056,,,B35-5006,35-5006,P35-5006,B35-5006-3,TB45-5006,45-5006,AL45-5006,205019,205019-2,B,P205019,P205019-2,B,235033TB,,AL235033,R,S225019,S225019-2,,365019,365019-2,"S,W",,,,,,2060961,2060962,2090104,,,2010431,2010432,2010653,2010654,2808092,2020302,2020155,2808492,2808493,,2807867,2807869,,2808646,,2040165,,2030331,2030332,,2110121,2110122,,,,,,
DODGE,RAM 3500,Crew Cab,06-08,5049,5049-2,,,,B35-5001,35-5000,P35-5001,B35-5001-3,TB45-5001,45-5001,AL45-5001,,,,,,,,,,,,,,,,,,,,,,2060901,2060902,,,,2807575,2010382,2807889,2807576,2808088,2808874,2806997,,,,,,,,,,,,,,,,,,,,,
DODGE,RAM 3500,Crew Cab,03-05,5046,5046-2,,,,B35-5001,35-5000,P35-5001,B35-5001-3,TB45-5001,45-5001,AL45-5001,,,,,,,,,,,,,,,,,,,,,,2060881,2060882,,,,2807575,2010382,2807889,2807576,2808088,2808874,2806997,,,,,,,,,,,,,,,,,,,,,
DODGE,RAM 3500,Mega Cab,09-14,5056,5056-2,P5056,,,B35-5006,35-5006,P35-5006,B35-5006-3,TB45-5006,45-5006,AL45-5006,205030,205030-2,,,,,,,,,,,,365030,365030-2,"S,W",,,,,,2060961,2060962,2090104,,,2010431,2010432,2010653,2010654,2808092,2020302,2020155,2012071,2012072,,,,,,,,,,,,2110131,2110132,,,,,,
DODGE,RAM 3500,Mega Cab,06-08,5049,5049-2,,,,B35-5001,35-5000,P35-5001,B35-5001-3,TB45-5001,45-5001,AL45-5001,205014,205014-2,,,,,,,,,,,,,,,,,,,,2060901,2060902,,,,2807575,2010382,2807889,2807576,2808088,2808874,2806997,2808480,2808482,,,,,,,,,,,,,,,,,,,
DODGE,RAM 3500,Mega Cab,03-05,5046,5046-2,,,,B35-5001,35-5000,P35-5001,B35-5001-3,TB45-5001,45-5001,AL45-5001,,,,,,,,,,,,,,,,,,,,,,2060881,2060882,,,,2807575,2010382,2807889,2807576,2808088,2808874,2806997,,,,,,,,,,,,,,,,,,,,,
DODGE,RAM 4500/5500,Extended Cab,08-09,,,,,,,,,,,,,,,,,,,,,,,,,,,,,S2885,B2885,GS2885,GB2885,4501,,,,,,,,,,,,,,,,,,,,,,,,,,,,,2050141,2050031,2807729,2807723,2080100
FIAT,500,"Sport, Lounge & Pop",12-14,,,,B5555,5555,,,,,,,,,,,,,,,,,,,,,,,,,,,,,,,,2807593,2808969,,,,,,,,,,,,,,,,,,,,,,,,,,,,
FORD,BRONCO,,80-96,,,,,,,,,,,,,203001,203001-2,,,,,,,,,,,,,,,,,,,,,,,,,,,,,,,,2011301,2011302,,,,,,,,,,,,,,,,,,,
FORD,BRONCO,,66-72,,,,,,,,,,,,,203038,203038-2,,,,,,,,,,,,,,,,,,,,,,,,,,,,,,,,2011561,2011562,,,,,,,,,,,,,,,,,,,
FORD,EDGE,Except Sport,08-13,,,,,,,,,,,,,203032,203032-2,,,,,,,,,,,,,,,,,,,,,,,,,,,,,,,,2011501,2011502,,,,,,,,,,,,,,,,,,,
FORD,ESCAPE,,13-14,,,,,3503,,,,,,,,203042,203042-2,,,,,,,,,,,,,,,,,,,,,,,,2808782,,,,,,,,2011601,2011602,,,,,,,,,,,,,,,,,,,
FORD,ESCAPE,,08-12,3062,3062-2,,,3501,,,,,,,,203031,203031-2,,,,,,,,,S223031,S223031-2,,,,,,,,,,2060471,2808718,,,2808779,,,,,,,,2011491,2011492,,,,,,,,,2808013,2808015,,,,,,,,,
FORD,ESCAPE,,05-07,3058,3058-2,,,,,,,,,,,203012,203012-2,,,,,,,,,,,,,,,,,,,,2060431,2808714,,,,,,,,,,,2011401,2011402,,,,,,,,,,,,,,,,,,,
FORD,ESCAPE,,01-04,3049,3049-2,,,,,,,,,,,203012,203012-2,,,,,,,,,,,,,,,,,,,,2060371,2808703,,,,,,,,,,,2011401,2011402,,,,,,,,,,,,,,,,,,,
FORD,EXCURSION,,2006,3057,3057-2,,,,,,,,,,,203006,203006-2,,P203006,P203006-2,,233006TB,233006-2,AL233006,,S223006,S223006-2,,,,,,,,,,2060421,2060422,,,,,,,,,,,2011351,2011352,,2010704,2807840,,2808620,2808618,2040065,,2030141,2030142,,,,,,,,,
FORD,EXCURSION,,2005,3057,,,,,B35-3001,35-3001,B35-3001-3,P35-3001,TB45-3001,45-3001,AL45-3001,203006,203006-2,,P203006,P203006-2,,233006TB,233006-2,AL233006,,S223006,S223006-2,,,,,,,,,,2060421,,,,,2010161,2010162,2010514,2010513,2808077,2020182,2020035,2011351,2011352,,2010704,2807840,,2808620,2808618,2040065,,2030141,2030142,,,,,,,,,
FORD,EXCURSION,,00-04,3045,3045-2,,,,B35-3001,35-3001,B35-3001-3,P35-3001,TB45-3001,45-3001,AL45-3001,203006,203006-2,,P203006,P203006-2,,233006TB,233006-2,AL233006,,S223006,S223006-2,,,,,,,,,,2060331,2060332,,,,2010161,2010162,2010514,2010513,2808077,2020182,2020035,2011351,2011352,,2010704,2807840,,2808620,2808618,2040065,,2030141,2030142,,,,,,,,,
FORD,EXPEDITION,,07-14,3060,3060-2,,,,B35-3007,35-3007,B35-3007-3,P35-3007,,,,203030,203030-2,,,,,,,,,,,,,,,S2875,B2875,GS2875,GB2875,4503,2060451,2060452,,,,2010211,2010212,2010544,2010543,,,,2011481,2011482,,,,,,,,,,,,,,,2050131,2050021,2807728,2807722,2080120
FORD,EXPEDITION,,03-06,3054,3054-2,,,,B35-3007,35-3007,B35-3007-3,P35-3007,,,,203004,203004-2,,,,,,,,,,,,,,,S2875,B2875,GS2875,GB2875,4503,2060401,2808709,,,,2010211,2010212,2010544,2010543,,,,2011331,2011332,,,,,,,,,,,,,,,2050131,2050021,2807728,2807722,2080120
FORD,EXPEDITION,2WD,99-02,3046,3046-2,,,,,,,,,,,203037,203037-2,,,,,,,,,,,,,,,S2875,B2875,GS2875,GB2875,4503,2060341,2060342,,,,,,,,,,,2011551,2011552,,,,,,,,,,,,,,,2050131,2050021,2807728,2807722,2080120
FORD,EXPEDITION,4WD,99-02,3046,3046-2,,,,B35-3004,35-3004,,,,,,203037,203037-2,,,,,,,,,,,,,,,S2875,B2875,GS2875,GB2875,4503,2060341,2060342,,,,2010181,2010182,,,,,,2011551,2011552,,,,,,,,,,,,,,,2050131,2050021,2807728,2807722,2080120
FORD,EXPEDITION,,97-98,3042F,3042F-2,,,,B35-3004,35-3004,,,,,,203037,203037-2,,,,,,,,,,,,,,,S2875,B2875,GS2875,GB2875,4503,,2808696,,,,2010181,2010182,,,,,,2011551,2011552,,,,,,,,,,,,,,,2050131,2050021,2807728,2807722,2080120
FORD,EXPLORER,,2015,,,,,,B35-3013,35-3013,,,,,,203041,203041-2,,,,,,,,,S223041,S223041-2,,,,,,,,,,,,,,,2010251,2010252,,,,,,2011591,2011592,,,,,,,,,2030201,2030202,,,,,,,,,
FORD,EXPLORER,,11-14,3065,,,,,B35-3013,35-3013,,,,,,203041,203041-2,,,,,,,,,S223041,S223041-2,,,,,,,,,,2060501,,,,,2010251,2010252,,,,,,2011591,2011592,,,,,,,,,2030201,2030202,,,,,,,,,
FORD,EXPLORER,4-Door,06-10,3059,3059-2,,,,B35-3005,35-3005,,,,,,203018,203018-2,,,,,,,,,,,,,,,,,,,,2060441,2060442,,,,2010191,2010192,,,,,,2011461,2011462,,,,,,,,,,,,,,,,,,,
FORD,EXPLORER,4-Door,02-05,3052,3052-2,,,,,,,,,,,203018,203018-2,,,,,,,,,,,,,,,,,,,,2060381,2808706,,,,,,,,,,,2011461,2011462,,,,,,,,,,,,,,,,,,,
FORD,EXPLORER,4-Door,99-01,3047,3047-2,,,,,,,,,,,203036,203036-2,,,,,,,,,,,,,,,,,,,,2808701,,,,,,,,,,,,2011541,2011542,,,,,,,,,,,,,,,,,,,
FORD,EXPLORER,4-Door,95-98,,,,,,,,,,,,,203036,203036-2,,,,,,,,,,,,,,,,,,,,,,,,,,,,,,,,2011541,2011542,,,,,,,,,,,,,,,,,,,
FORD,EXPLORER,2-Door,01-04,3048,,,,,,,,,,,,,,,,,,,,,,,,,,,,,,,,,2060361,,,,,,,,,,,,,,,,,,,,,,,,,,,,,,,,
FORD,EXPLORER SPORT TRAC,,07-10,3059,,,,,B35-3005,35-3005,,,,,,203019,203019-2,,,,,,,,,,,,,,,,,,,,2060441,,,,,2010191,2010192,,,,,,2011471,2011472,,,,,,,,,,,,,,,,,,,
FORD,EXPLORER SPORT TRAC,,01-06,3048,,,,,,,,,,,,203010,203010-2,,,,,,,,,,,,,,,,,,,,2060361,,,,,,,,,,,,2011391,2011392,,,,,,,,,,,,,,,,,,,
FORD,F-150,"Regular Cab, Excluding Raptor & EcoBoost",2015,,,,,,B35-3007,35-3007,B35-3007-3,P35-3007,TB45-3007,45-3007,AL45-3007,,,,,,,,,,,,,,,,,,,,,,,,,,,2010211,2010212,2010544,2010543,2808080,2020202,2020055,,,,,,,,,,,,,,,,,,,,,
FORD,F-150,Regular Cab,09-14,3063,,,,,,,,,TB45-3007,45-3007,,203040,203040-2,,P203040,P203040-2,,,,,,,,,363017,,L,S2853,B2853,,,4504,2060481,,,,,,,,,2808080,2020202,,2011581,2011582,,2010744,2807844,,,,,,,,,2110021,,,2050121,2050011,,,2080130
FORD,F-150,"Regular Cab, Excluding Raptor & EcoBoost",09-14,3063,3063-2,P3063,,,B35-3007,35-3007,B35-3007-3,P35-3007,TB45-3007,45-3007,AL45-3007,203040,203040-2,,P203040,P203040-2,,,,,,,,,363017,,L,S2853,B2853,,,4504,2060481,2060482,2090044,,,2010211,2010212,2010544,2010543,2808080,2020202,2020055,2011581,2011582,,2010744,2807844,,,,,,,,,2110021,,,2050121,2050011,,,2080130
FORD,F-150,Regular Cab,04-08,3056,3056-2,,,,,,,,TB45-3007,45-3007,,203017,203017-2,,,,,,,,,S223017,S223017-2,,,,,S2853,B2853,,,4504,2060411,2060412,,,,,,,,2808080,2020202,,2011451,2011452,,,,,,,,,2030171,2030172,,,,,2050121,2050011,,,2080130
FORD,F-150,"Regular Cab, Excluding Raptor & EcoBoost",04-08,3056,,,,,B35-3007,35-3007,B35-3007-3,P35-3007,TB45-3007,45-3007,AL45-3007,203017,203017-2,,,,,,,,,S223017,S223017-2,,,,,S2853,B2853,,,4504,2060411,,,,,2010211,2010212,2010544,2010543,2808080,2020202,2020055,2011451,2011452,,,,,,,,,2030171,2030172,,,,,2050121,2050011,,,2080130
FORD,F-150,"Regular Cab, 2WD",99-03,3046,3046-2,,,,B35-3004,35-3004,,,,,,203007,203007-2,,,,,,,,,,,,,,,S2853,B2853,,,4506,2060341,2060342,,,,2010181,2010182,,,,,,2011361,2011362,,,,,,,,,,,,,,,2050121,2050011,,,2080150
FORD,F-150,"Regular Cab, 4WD",99-03,3046F,3046F-2,,,,B35-3004,35-3004,,,,,,203007,203007-2,,,,,,,,,,,,,,,S2853,B2853,,,4506,,2061232,,,,2010181,2010182,,,,,,2011361,2011362,,,,,,,,,,,,,,,2050121,2050011,,,2080150
FORD,F-150,Regular Cab,97-98,3042F,3042F-2,,,,B35-3004,35-3004,,,,,,203007,203007-2,,,,,,,,,,,,,,,S2853,B2853,,,4506,,2808696,,,,2010181,2010182,,,,,,2011361,2011362,,,,,,,,,,,,,,,2050121,2050011,,,2080150
FORD,F-150,Regular Cab,80-96,,,,,,,,,,,,,203001,203001-2,,,,,,,,,,,,,,,,,,,,,,,,,,,,,,,,2011301,2011302,,,,,,,,,,,,,,,,,,,
FORD,F-150,"Exteneded Cab, Excluding Raptor & EcoBoost",2015,,,,,,B35-3007,35-3007,B35-3007-3,P35-3007,TB45-3007,45-3007,AL45-3007,,,,,,,,,,,,,,,,,,,,,,,,,,,2010211,2010212,2010544,2010543,2808080,2020202,2020055,,,,,,,,,,,,,,,,,,,,,
FORD,F-150,Extended Cab,09-14,3063,,,,,,,,,TB45-3007,45-3007,,203016,203016-2,,P203016,P203016-2,,,,,,S223016,S223016-2,,,,,,,,,4504,2060481,,,,,,,,,2808080,2020202,,2011441,2011442,,2010724,2807842,,,,,,2030161,2030162,,,,,,,,,2080130
FORD,F-150,"Exteneded Cab, Excluding Raptor & EcoBoost",09-14,3063,3063-2,P3063,,,B35-3007,35-3007,B35-3007-3,P35-3007,TB45-3007,45-3007,AL45-3007,203016,203016-2,,P203016,P203016-2,,,,,,S223016,S223016-2,,,,,,,,,4504,2060481,2060482,2090044,,,2010211,2010212,2010544,2010543,2808080,2020202,2020055,2011441,2011442,,2010724,2807842,,,,,,2030161,2030162,,,,,,,,,2080130
FORD,F-150,Extended Cab,04-08,3056,3056-2,,,,,,,,TB45-3007,45-3007,,203016,203016-2,,P203016,P203016-2,,,,,,S223016,S223016-2,,,,,,,,,4504,2060411,2060412,,,,,,,,2808080,2020202,,2011441,2011442,,2010724,2807842,,,,,,2030161,2030162,,,,,,,,,2080130
FORD,F-150,"Exteneded Cab, Excluding Raptor & EcoBoost",04-08,3056,,,,,B35-3007,35-3007,B35-3007-3,P35-3007,TB45-3007,45-3007,AL45-3007,203016,203016-2,,P203016,P203016-2,,,,,,S223016,S223016-2,,,,,,,,,4504,2060411,,,,,2010211,2010212,2010544,2010543,2808080,2020202,2020055,2011441,2011442,,2010724,2807842,,,,,,2030161,2030162,,,,,,,,,2080130
FORD,F-150,"Extended Cab, 2WD",99-03,3046,3046-2,,,,B35-3004,35-3004,,,,,,203008,203008-2,,,,,,,,,,,,,,,S2875,B2875,GS2875,GB2875,4506,2060341,2060342,,,,2010181,2010182,,,,,,2011371,2011372,,,,,,,,,,,,,,,2050131,2050021,2807728,2807722,2080150
FORD,F-150,"Extended Cab, 4WD",99-03,3046F,3046F-2,,,,B35-3004,35-3004,,,,,,203008,203008-2,,,,,,,,,,,,,,,S2875,B2875,GS2875,GB2875,4506,,2061232,,,,2010181,2010182,,,,,,2011371,2011372,,,,,,,,,,,,,,,2050131,2050021,2807728,2807722,2080150
FORD,F-150,Extended Cab,97-98,3042F,3042F-2,,,,B35-3004,35-3004,,,,,,203008,203008-2,,,,,,,,,,,,,,,S2875,B2875,GS2875,GB2875,4506,,2808696,,,,2010181,2010182,,,,,,2011371,2011372,,,,,,,,,,,,,,,2050131,2050021,2807728,2807722,2080150
FORD,F-150,"Crew Cab, Excluding Raptor & EcoBoost",2015,,,,,,B35-3007,35-3007,B35-3007-3,P35-3007,TB45-3007,45-3007,AL45-3007,,,,,,,,,,,,,,,,,,,,,,,,,,,2010211,2010212,2010544,2010543,2808080,2020202,2020055,,,,,,,,,,,,,,,,,,,,,
FORD,F-150,Crew Cab,09-14,3063,,,,,,,,,TB45-3007,45-3007,,203039,203039-2,,P203039,P203039-2,,233039TB,,AL233039,,S223039,S223039-2,,,,,S2885,B2885,GS2885,GB2885,4504,2060481,,,,,,,,,2808080,2020202,,2011571,2011572,,2010734,2807843,,2808623,,2040075,,2030191,2030192,,,,,2050141,2050031,2807729,2807723,2080130
FORD,F-150,"Crew Cab, Excluding Raptor & EcoBoost",09-14,3063,3063-2,P3063,,,B35-3007,35-3007,B35-3007-3,P35-3007,TB45-3007,45-3007,AL45-3007,203039,203039-2,,P203039,P203039-2,,233039TB,,AL233039,,S223039,S223039-2,,,,,S2885,B2885,GS2885,GB2885,4504,2060481,2060482,2090044,,,2010211,2010212,2010544,2010543,2808080,2020202,2020055,2011571,2011572,,2010734,2807843,,2808623,,2040075,,2030191,2030192,,,,,2050141,2050031,2807729,2807723,2080130
FORD,F-150,Crew Cab,04-08,3056,3056-2,,,,,,,,TB45-3007,45-3007,,203015,203015-2,,,,,,233015-2,,,S223015,S223015-2,,,,,S2885,B2885,GS2885,GB2885,4504,2060411,2060412,,,,,,,,2808080,2020202,,2011431,2011432,,,,,,2808622,,,2030151,2030152,,,,,2050141,2050031,2807729,2807723,2080130
FORD,F-150,"Crew Cab, Excluding Raptor & EcoBoost",04-08,3056,,,,,B35-3007,35-3007,B35-3007-3,P35-3007,TB45-3007,45-3007,AL45-3007,203015,203015-2,,,,,,233015-2,,,S223015,S223015-2,,,,,S2885,B2885,GS2885,GB2885,4504,2060411,,,,,2010211,2010212,2010544,2010543,2808080,2020202,2020055,2011431,2011432,,,,,,2808622,,,2030151,2030152,,,,,2050141,2050031,2807729,2807723,2080130
FORD,F-150,"Crew Cab, 2WD",01-03,3046F,3046F-2,,,,B35-3004,35-3004,,,,,,203009,203009-2,,,,,,,,,,,,,,,S2885,B2885,GS2885,GB2885,4505,,2061232,,,,2010181,2010182,,,,,,2011381,2011382,,,,,,,,,,,,,,,2050141,2050031,2807729,2807723,2080140
FORD,F-150,"Crew Cab, 4WD",01-03,3042F,3042F-2,,,,B35-3004,35-3004,,,,,,203009,203009-2,,,,,,,,,,,,,,,S2885,B2885,GS2885,GB2885,4505,,2808696,,,,2010181,2010182,,,,,,2011381,2011382,,,,,,,,,,,,,,,2050141,2050031,2807729,2807723,2080140
FORD,F-250 SUPER DUTY,Regular Cab,11-15,3064,3064-2,,,,,,B35-3012-3,P35-3012,,,,203014,203014-2,,P203014,P203014-2,,,,,,,,,,,,S2853,B2853,,,4507,2060491,2060492,,,,,,2010554,2010553,,,,2011421,2011422,,2010714,2807841,,,,,,,,,,,,2050121,2050011,,,2080160
FORD,F-250 SUPER DUTY,Regular Cab,08-10,3061,3061-2,,,,B35-3006,35-3006,B35-3006-3,P35-3006,TB45-3006,45-3006,AL45-3006,203014,203014-2,,P203014,P203014-2,,,,,,,,,,,,S2853,B2853,,,4507,2060461,2060462,,,,2010201,2010202,2010534,2010533,2808079,2020192,2020045,2011421,2011422,,2010714,2807841,,,,,,,,,,,,2050121,2050011,,,2080160
FORD,F-250 SUPER DUTY,Regular Cab,05-07,3057,3057-2,,,,B35-3001,35-3001,B35-3001-3,P35-3001,TB45-3001,45-3001,AL45-3001,203014,203014-2,,P203014,P203014-2,,,,,,,,,,,,S2853,B2853,,,4507,2060421,2060422,,,,2010161,2010162,2010514,2010513,2808077,2020182,2020035,2011421,2011422,,2010714,2807841,,,,,,,,,,,,2050121,2050011,,,2080160
FORD,F-250 SUPER DUTY,Regular Cab,99-04,3045,3045-2,,,,B35-3001,35-3001,B35-3001-3,P35-3001,TB45-3001,45-3001,AL45-3001,203014,203014-2,,P203014,P203014-2,,,,,,,,,,,,S2853,B2853,,,4507,2060331,2060332,,,,2010161,2010162,2010514,2010513,2808077,2020182,2020035,2011421,2011422,,2010714,2807841,,,,,,,,,,,,2050121,2050011,,,2080160
FORD,F-250 SUPER DUTY,Extended Cab,11-15,3064,3064-2,,,,,,B35-3012-3,P35-3012,,,,203005,203005-2,,,,,,,,,S223005,S223005-2,,,,,S2875,B2875,GS2875,GB2875,4507,2060491,2060492,,,,,,2010554,2010553,,,,2011341,2011342,,,,,,,,,2030131,2030132,,,,,2050131,2050021,2807728,2807722,2080160
FORD,F-250 SUPER DUTY,Extended Cab,08-10,3061,3061-2,,,,B35-3006,35-3006,B35-3006-3,P35-3006,TB45-3006,45-3006,AL45-3006,203005,203005-2,,,,,,,,,S223005,S223005-2,,,,,S2875,B2875,GS2875,GB2875,4507,2060461,2060462,,,,2010201,2010202,2010534,2010533,2808079,2020192,2020045,2011341,2011342,,,,,,,,,2030131,2030132,,,,,2050131,2050021,2807728,2807722,2080160
FORD,F-250 SUPER DUTY,Extended Cab,05-07,3057,3057-2,,,,B35-3001,35-3001,B35-3001-3,P35-3001,TB45-3001,45-3001,AL45-3001,203005,203005-2,,,,,,,,,S223005,S223005-2,,,,,S2875,B2875,GS2875,GB2875,4507,2060421,2060422,,,,2010161,2010162,2010514,2010513,2808077,2020182,2020035,2011341,2011342,,,,,,,,,2030131,2030132,,,,,2050131,2050021,2807728,2807722,2080160
FORD,F-250 SUPER DUTY,Extended Cab,99-04,3045,3045-2,,,,B35-3001,35-3001,B35-3001-3,P35-3001,TB45-3001,45-3001,AL45-3001,203005,203005-2,,,,,,,,,S223005,S223005-2,,,,,S2875,B2875,GS2875,GB2875,4507,2060331,2060332,,,,2010161,2010162,2010514,2010513,2808077,2020182,2020035,2011341,2011342,,,,,,,,,2030131,2030132,,,,,2050131,2050021,2807728,2807722,2080160
FORD,F-250 SUPER DUTY,Crew Cab,11-15,3064,3064-2,,,,,,B35-3012-3,P35-3012,,,,203006,203006-2,,P203006,P203006-2,,233006TB,233006-2,AL233006,,S223006,S223006-2,,363006,363006,S,S2891,B2891,GS2891,GB2891,4507,2060491,2060492,,,,,,2010554,2010553,,,,2011351,2011352,,2010704,2807840,,2808620,2808618,2040065,,2030141,2030142,,2110011,2110011,,2050151,2050041,2807730,2807724,2080160
FORD,F-250 SUPER DUTY,Crew Cab,08-10,3061,3061-2,,,,B35-3006,35-3006,B35-3006-3,P35-3006,TB45-3006,45-3006,AL45-3006,203006,203006-2,,P203006,P203006-2,,233006TB,233006-2,AL233006,,S223006,S223006-2,,363006,363006,S,S2891,B2891,GS2891,GB2891,4507,2060461,2060462,,,,2010201,2010202,2010534,2010533,2808079,2020192,2020045,2011351,2011352,,2010704,2807840,,2808620,2808618,2040065,,2030141,2030142,,2110011,2110011,,2050151,2050041,2807730,2807724,2080160
FORD,F-250 SUPER DUTY,Crew Cab,05-07,3057,3057-2,,,,B35-3001,35-3001,B35-3001-3,P35-3001,TB45-3001,45-3001,AL45-3001,203006,203006-2,,P203006,P203006-2,,233006TB,233006-2,AL233006,,S223006,S223006-2,,363006,363006,S,S2891,B2891,GS2891,GB2891,4507,2060421,2060422,,,,2010161,2010162,2010514,2010513,2808077,2020182,2020035,2011351,2011352,,2010704,2807840,,2808620,2808618,2040065,,2030141,2030142,,2110011,2110011,,2050151,2050041,2807730,2807724,2080160
FORD,F-250 SUPER DUTY,Crew Cab,99-04,3045,3045-2,,,,B35-3001,35-3001,B35-3001-3,P35-3001,TB45-3001,45-3001,AL45-3001,203006,203006-2,,P203006,P203006-2,,233006TB,233006-2,AL233006,,S223006,S223006-2,,363006,363006,S,S2891,B2891,GS2891,GB2891,4507,2060331,2060332,,,,2010161,2010162,2010514,2010513,2808077,2020182,2020035,2011351,2011352,,2010704,2807840,,2808620,2808618,2040065,,2030141,2030142,,2110011,2110011,,2050151,2050041,2807730,2807724,2080160
FORD,F-350 SUPER DUTY,Regular Cab,11-15,3064,3064-2,,,,B35-3012,35-3012,B35-3012-3,P35-3012,,,AL45-3012,203014,203014-2,,P203014,P203014-2,,,,,,,,,,,,S2853,B2853,,,4507,2060491,2060492,,,,2010241,2010242,2010554,2010553,,,2020065,2011421,2011422,,2010714,2807841,,,,,,,,,,,,2050121,2050011,,,2080160
FORD,F-350 SUPER DUTY,Regular Cab,08-10,3061,3061-2,,,,B35-3006,35-3006,B35-3006-3,P35-3006,TB45-3006,45-3006,AL45-3006,203014,203014-2,,P203014,P203014-2,,,,,,,,,,,,S2853,B2853,,,4507,2060461,2060462,,,,2010201,2010202,2010534,2010533,2808079,2020192,2020045,2011421,2011422,,2010714,2807841,,,,,,,,,,,,2050121,2050011,,,2080160
FORD,F-350 SUPER DUTY,Regular Cab,05-07,3057,3057-2,,,,B35-3001,35-3001,B35-3001-3,P35-3001,TB45-3001,45-3001,AL45-3001,203014,203014-2,,P203014,P203014-2,,,,,,,,,,,,S2853,B2853,,,4507,2060421,2060422,,,,2010161,2010162,2010514,2010513,2808077,2020182,2020035,2011421,2011422,,2010714,2807841,,,,,,,,,,,,2050121,2050011,,,2080160
FORD,F-350 SUPER DUTY,Regular Cab,99-04,3045,3045-2,,,,B35-3001,35-3001,B35-3001-3,P35-3001,TB45-3001,45-3001,AL45-3001,203014,203014-2,,P203014,P203014-2,,,,,,,,,,,,S2853,B2853,,,4507,2060331,2060332,,,,2010161,2010162,2010514,2010513,2808077,2020182,2020035,2011421,2011422,,2010714,2807841,,,,,,,,,,,,2050121,2050011,,,2080160
FORD,F-350 SUPER DUTY,Extended Cab,11-15,3064,3064-2,,,,B35-3012,35-3012,B35-3012-3,P35-3012,,,AL45-3012,203005,203005-2,,,,,,,,,S223005,S223005-2,,,,,S2875,B2875,GS2875,GB2875,4507,2060491,2060492,,,,2010241,2010242,2010554,2010553,,,2020065,2011341,2011342,,,,,,,,,2030131,2030132,,,,,2050131,2050021,2807728,2807722,2080160
FORD,F-350 SUPER DUTY,Extended Cab,08-10,3061,3061-2,,,,B35-3006,35-3006,B35-3006-3,P35-3006,TB45-3006,45-3006,AL45-3006,203005,203005-2,,,,,,,,,S223005,S223005-2,,,,,S2875,B2875,GS2875,GB2875,4507,2060461,2060462,,,,2010201,2010202,2010534,2010533,2808079,2020192,2020045,2011341,2011342,,,,,,,,,2030131,2030132,,,,,2050131,2050021,2807728,2807722,2080160
FORD,F-350 SUPER DUTY,Extended Cab,05-07,3057,3057-2,,,,B35-3001,35-3001,B35-3001-3,P35-3001,TB45-3001,45-3001,AL45-3001,203005,203005-2,,,,,,,,,S223005,S223005-2,,,,,S2875,B2875,GS2875,GB2875,4507,2060421,2060422,,,,2010161,2010162,2010514,2010513,2808077,2020182,2020035,2011341,2011342,,,,,,,,,2030131,2030132,,,,,2050131,2050021,2807728,2807722,2080160
FORD,F-350 SUPER DUTY,Extended Cab,99-04,3045,3045-2,,,,B35-3001,35-3001,B35-3001-3,P35-3001,TB45-3001,45-3001,AL45-3001,203005,203005-2,,,,,,,,,S223005,S223005-2,,,,,S2875,B2875,GS2875,GB2875,4507,2060331,2060332,,,,2010161,2010162,2010514,2010513,2808077,2020182,2020035,2011341,2011342,,,,,,,,,2030131,2030132,,,,,2050131,2050021,2807728,2807722,2080160
FORD,F-350 SUPER DUTY,Crew Cab,11-15,3064,3064-2,,,,B35-3012,35-3012,B35-3012-3,P35-3012,,,AL45-3012,203006,203006-2,,P203006,P203006-2,,233006TB,233006-2,AL233006,,S223006,S223006-2,,,,,S2891,B2891,GS2891,GB2891,4507,2060491,2060492,,,,2010241,2010242,2010554,2010553,,,2020065,2011351,2011352,,2010704,2807840,,2808620,2808618,2040065,,2030141,2030142,,,,,2050151,2050041,2807730,2807724,2080160
FORD,F-350 SUPER DUTY,Crew Cab,08-10,3061,3061-2,,,,B35-3006,35-3006,B35-3006-3,P35-3006,TB45-3006,45-3006,AL45-3006,203006,203006-2,,P203006,P203006-2,,233006TB,233006-2,AL233006,,S223006,S223006-2,,,,,S2891,B2891,GS2891,GB2891,4507,2060461,2060462,,,,2010201,2010202,2010534,2010533,2808079,2020192,2020045,2011351,2011352,,2010704,2807840,,2808620,2808618,2040065,,2030141,2030142,,,,,2050151,2050041,2807730,2807724,2080160
FORD,F-350 SUPER DUTY,Crew Cab,05-07,3057,3057-2,,,,B35-3001,35-3001,B35-3001-3,P35-3001,TB45-3001,45-3001,AL45-3001,203006,203006-2,,P203006,P203006-2,,233006TB,233006-2,AL233006,,S223006,S223006-2,,,,,S2891,B2891,GS2891,GB2891,4507,2060421,2060422,,,,2010161,2010162,2010514,2010513,2808077,2020182,2020035,2011351,2011352,,2010704,2807840,,2808620,2808618,2040065,,2030141,2030142,,,,,2050151,2050041,2807730,2807724,2080160
FORD,F-350 SUPER DUTY,Crew Cab,99-04,3045,3045-2,,,,B35-3001,35-3001,B35-3001-3,P35-3001,TB45-3001,45-3001,AL45-3001,203006,203006-2,,P203006,P203006-2,,233006TB,233006-2,AL233006,,S223006,S223006-2,,,,,S2891,B2891,GS2891,GB2891,4507,2060331,2060332,,,,2010161,2010162,2010514,2010513,2808077,2020182,2020035,2011351,2011352,,2010704,2807840,,2808620,2808618,2040065,,2030141,2030142,,,,,2050151,2050041,2807730,2807724,2080160
FORD,F-450 SUPER DUTY,,11-15,3064,3064-2,,,,B35-3012,35-3012,B35-3012-3,P35-3012,TB45-3012,45-3012,AL45-3012,,,,,,,,,,,,,,,,,,,,,,2060491,2060492,,,,2010241,2010242,2010554,2010553,2808081,2020212,2020065,,,,,,,,,,,,,,,,,,,,,
FORD,F-450 SUPER DUTY,,08-10,3061,3061-2,,,,B35-3006,35-3006,B35-3006-3,P35-3006,,,,,,,,,,,,,,,,,,,,,,,,,2060461,2060462,,,,2010201,2010202,2010534,2010533,,,,,,,,,,,,,,,,,,,,,,,,
FORD,F-550 SUPER DUTY,,11-15,3064,3064-2,P3064,,,B35-3012,35-3012,B35-3012-3,P35-3012,TB45-3012,45-3012,AL45-3012,,,,,,,,,,,,,,,,,,,,,,2060491,2060492,2090054,,,2010241,2010242,2010554,2010553,2808081,2020212,2020065,,,,,,,,,,,,,,,,,,,,,
FORD,F-550 SUPER DUTY,w/ Fender Flares,08-10,,,,,,B35-3006,35-3006,B35-3006-3,P35-3006,,,,,,,,,,,,,,,,,,,,,,,,,,,,,,2010201,2010202,2010534,2010533,,,,,,,,,,,,,,,,,,,,,,,,
FORD,F-550 SUPER DUTY,w/o Fender Flares,08-10,3061,3061-2,,,,B35-3006,35-3006,B35-3006-3,P35-3006,,,,,,,,,,,,,,,,,,,,,,,,,2060461,2060462,,,,2010201,2010202,2010534,2010533,,,,,,,,,,,,,,,,,,,,,,,,
FORD,RANGER,Regular Cab,11-12,3053,3053-2,,,,B35-3011,35-3011,,,,,,203034,203034-2,,,,,,,,,,,,,,,,,,,,2060391,2060392,,,,2010231,2010232,,,,,,2011521,2011522,,,,,,,,,,,,,,,,,,,
FORD,RANGER,Regular Cab,08-10,3053,3053-2,,,,B35-3011,35-3011,,,,,,203034,203034-2,,,,,,,,,,,,,,,,,,,,2060391,2060392,,,,2010231,2010232,,,,,,2011521,2011522,,,,,,,,,,,,,,,,,,,
FORD,RANGER,Regular Cab,01-07,3053,,,,,B35-3009,35-3009,,,,,,203034,203034-2,,,,,,,,,,,,,,,,,,,,2060391,,,,,2010221,2010222,,,,,,2011521,2011522,,,,,,,,,,,,,,,,,,,
FORD,RANGER,Regular Cab,98-00,3044,,,,,B35-3009,35-3009,,,,,,203034,203034-2,,,,,,,,,,,,,,,,,,,,2060321,,,,,2010221,2010222,,,,,,2011521,2011522,,,,,,,,,,,,,,,,,,,
FORD,RANGER,Regular Cab,83-97,,,,,,,,,,,,,203002,203002-2,,,,,,,,,,,,,,,,,,,,,,,,,,,,,,,,2808377,2808378,,,,,,,,,,,,,,,,,,,
FORD,RANGER,"Extended Cab, 2-Door",08-10,3053,3053-2,,,,B35-3011,35-3011,,,,,,203035,203035-2,,,,,,,,,,,,,,,,,,,,2060391,2060392,,,,2010231,2010232,,,,,,2011531,2011532,,,,,,,,,,,,,,,,,,,
FORD,RANGER,"Extended Cab, 2-Door",01-07,3053,,,,,B35-3009,35-3009,,,,,,203035,203035-2,,,,,,,,,,,,,,,,,,,,2060391,,,,,2010221,2010222,,,,,,2011531,2011532,,,,,,,,,,,,,,,,,,,
FORD,RANGER,"Extended Cab, 2-Door",98-00,3044,,,,,B35-3009,35-3009,,,,,,203035,203035-2,,,,,,,,,,,,,,,,,,,,2060321,,,,,2010221,2010222,,,,,,2011531,2011532,,,,,,,,,,,,,,,,,,,
FORD,RANGER,"Extended Cab, 2-Door",83-97,,,,,,,,,,,,,203003,203003-2,,,,,,,,,,,,,,,,,,,,,,,,,,,,,,,,2011321,2011322,,,,,,,,,,,,,,,,,,,
FORD,RANGER,"Extended Cab, 4-Door",11-12,3053,3053-2,,,,B35-3011,35-3011,,,,,,203033,203033-2,,,,,,,,,,,,,,,,,,,,2060391,2060392,,,,2010231,2010232,,,,,,2011511,2011512,,,,,,,,,,,,,,,,,,,
FORD,RANGER,"Extended Cab, 4-Door",08-10,3053,3053-2,,,,B35-3011,35-3011,,,,,,203033,203033-2,,,,,,,,,,,,,,,,,,,,2060391,2060392,,,,2010231,2010232,,,,,,2011511,2011512,,,,,,,,,,,,,,,,,,,
FORD,RANGER,"Extended Cab, 4-Door",01-07,3053,,,,,B35-3009,35-3009,,,,,,203033,203033-2,,,,,,,,,,,,,,,,,,,,2060391,,,,,2010221,2010222,,,,,,2011511,2011512,,,,,,,,,,,,,,,,,,,
FORD,RANGER,"Extended Cab, 4-Door",98-00,3044,,,,,B35-3009,35-3009,,,,,,203033,203033-2,,,,,,,,,,,,,,,,,,,,2060321,,,,,2010221,2010222,,,,,,2011511,2011512,,,,,,,,,,,,,,,,,,,
HONDA,CRV,,12-14,,,,,6547,,,,,,,,206010,206010-2,,P206010,P206010-2,,,,,,S226010,S226010-2,,,,,,,,,,,,,,2809003,,,,,,,,2012181,2012182,,2807876,2807877,,,,,,2808055,2808057,,,,,,,,,
HONDA,CRV,,10-11,6054,,,,6547,,,,,,,,206006,206006-2,,,,,,,,,,,,,,,,,,,,2808991,,,,2809003,,,,,,,,2808520,2808522,,,,,,,,,,,,,,,,,,,
HONDA,CRV,,07-09,,,,,6547,,,,,,,,206006,206006-2,,,,,,,,,,,,,,,,,,,,,,,,2809003,,,,,,,,2808520,2808522,,,,,,,,,,,,,,,,,,,
HONDA,CRV,,05-06,6049,,,,,,,,,,,,206002,206002-2,,,,,,,,,,,,,,,,,,,,2808982,,,,,,,,,,,,2808513,2808514,,,,,,,,,,,,,,,,,,,
HONDA,CRV,,02-04,6046,6046-2,,,,,,,,,,,206002,206002-2,,,,,,,,,,,,,,,,,,,,2808975,2060992,,,,,,,,,,,2808513,2808514,,,,,,,,,,,,,,,,,,,
HONDA,ELEMENT,,08-10,6048,6048-2,,,,,,,,,,,206004,206004-2,,,,,,,,,S226004,S226004-2,,,,,,,,,,2061011,2808980,,,,,,,,,,,2808517,2808519,,,,,,,,,2808051,2808052,,,,,,,,,
HONDA,ELEMENT,,03-07,6048,6048-2,,,,,,,,,,,206004,206004-2,,,,,,,,,S226004,S226004-2,,,,,,,,,,2061011,2808980,,,,,,,,,,,2808517,2808519,,,,,,,,,2808051,2808052,,,,,,,,,
HONDA,PILOT,,12-14,6056,6056-2,,,6550,,,,,,,,206008,206008-2,,,,,,,,,S226008,S226008-2,,,,,,,,,,2061081,2061082,,,2809008,,,,,,,,2012171,2012172,,,,,,,,,2030351,2030352,,,,,,,,,
HONDA,PILOT,,09-11,6053,6053-2,,,6550,,,,,,,,206008,206008-2,,,,,,,,,S226008,S226008-2,,,,,,,,,,2061051,2808990,,,2809008,,,,,,,,2012171,2012172,,,,,,,,,2030351,2030352,,,,,,,,,
HONDA,PILOT,,06-08,6051,6051-2,,,6548,B35-6001,35-6001,,,,,,206003,206003-2,,,,,,,,,,,,,,,,,,,,2808985,2808986,,,2809004,2010451,2010452,,,,,,2012121,2012122,,,,,,,,,,,,,,,,,,,
HONDA,PILOT,,03-05,6047,6047-2,,,6548,B35-6001,35-6001,,,,,,206003,206003-2,,,,,,,,,,,,,,,,,,,,2808977,2808978,,,2809004,2010451,2010452,,,,,,2012121,2012122,,,,,,,,,,,,,,,,,,,
HONDA,RIDGELINE,,05-12,6055,6055-2,,,,B35-6001,35-6001,,,,,,206005,206005-2,,,,,,,,,,,,,,,,,,,,2061071,2061072,,,,2010451,2010452,,,,,,2012141,2012142,,,,,,,,,,,,,,,,,,,
HUMMER,H2,Side Bars require factory rocker bar,03-09,4076,4076-2,,,,,,,,,,,204075,204075-2,,,,,,234075-2,,,,,,,,,,,,,,2060771,2060772,,,,,,,,,,,2011871,2011872,,,,,,2808632,,,,,,,,,,,,,
HUMMER,H3,Side Bars exlcudes models w/ rocker bar,06-11,4078,4078-2,,,,,,,,,,,204076,204076-2,,,,,,,,,,S224076-2,,,,,,,,,,2060781,,,,,,,,,,,,2011881,2011882,,,,,,,,,,2808039,,,,,,,,,
HUMMER,H3T,,09-10,4078,4078-2,,,,,,,,,,,204077,204077-2,,,,,,,,,,,,,,,,,,,,2060781,,,,,,,,,,,,2808452,2808454,,,,,,,,,,,,,,,,,,,
HYUNDAI,SANTA FE,Excludes Auto Level Lights,13-14,,,,,7550,,,,,,,,207005,207005-2,,,,,,,,,,,,,,,,,,,,,,,,2809029,,,,,,,,2012221,2012222,,,,,,,,,,,,,,,,,,,
HYUNDAI,SANTA FE,,10-12,,,,,7548,,,,,,,,207003,207003-2,,,,,,,,,,,,,,,,,,,,,,,,2809026,,,,,,,,2012201,2012202,,,,,,,,,,,,,,,,,,,
HYUNDAI,SANTA FE,,07-09,7011,,,,7543,,,,,,,,207003,207003-2,,,,,,,,,,,,,,,,,,,,2809010,,,,2809020,,,,,,,,2012201,2012202,,,,,,,,,,,,,,,,,,,
HYUNDAI,SANTA FE,,01-06,7010,,,,,,,,,,,,207001,207001-2,,,,,,,,,,,,,,,,,,,,2809009,,,,,,,,,,,,2808531,2808533,,,,,,,,,,,,,,,,,,,
HYUNDAI,TUCSON,,10-14,,,,,7549,,,,,,,,207004,207004-2,,,,,,,,,,,,,,,,,,,,,,,,2809027,,,,,,,,2808537,2808538,,,,,,,,,,,,,,,,,,,
HYUNDAI,TUCSON,,2010,,,,,7546,,,,,,,,,,,,,,,,,,,,,,,,,,,,,,,,,2110282,,,,,,,,,,,,,,,,,,,,,,,,,,,,
HYUNDAI,TUCSON,,05-08,,,,,7542,,,,,,,,,,,,,,,,,,,,,,,,,,,,,,,,,2809018,,,,,,,,,,,,,,,,,,,,,,,,,,,,
HYUNDAI,TUCSON,,04-09,,,,,,,,,,,,,200101,200101-2,,,,,,,,,,,,,,,,,,,,,,,,,,,,,,,,2010971,2010972,,,,,,,,,,,,,,,,,,,
JEEP,CHEROKEE,Exclude Limited (Grill Guards/Boll Bars),86-00,1043,,,,,,,,,,,,201000,201000-2,,,,,,,,,,,,,,,,,,,,2060031,,,,,,,,,,,,2011031,2011032,,,,,,,,,,,,,,,,,,,
JEEP,CHEROKEE,,84-85,,,,,,,,,,,,,201000,201000-2,,,,,,,,,,,,,,,,,,,,,,,,,,,,,,,,2011031,2011032,,,,,,,,,,,,,,,,,,,
JEEP,COMMANDER,,06-11,1048,1048-2,,,,B35-1001,35-1001,,,,,,201004,201004-2,,,,,,,,,,,,,,,,,,,,2060081,2808257,,,,2010031,2010032,,,,,,2808339,2808341,,,,,,,,,,,,,,,,,,,
JEEP,GRAND CHEROKEE,,2014,,,,,,B35-1003,35-1003,,,,,,201008,201008-2,,,,,,,,,S221008,S221008-2,,,,,,,,,,,,,,,2010051,2010052,,,,,,2011101,2011102,,,,,,,,,2030061,2030062,,,,,,,,,
JEEP,GRAND CHEROKEE,,11-13,1052,1052-2,,,,B35-1003,35-1003,,,,,,201008,201008-2,,,,,,,,,S221008,S221008-2,,,,,,,,,,2060111,2808264,,,,2010051,2010052,,,,,,2011101,2011102,,,,,,,,,2030061,2030062,,,,,,,,,
JEEP,GRAND CHEROKEE,,08-10,1046,1046-2,,,,B35-1002,35-1002,,,,,,201003,201003-2,,,,,,,,,,,,,,,,,,,,2060061,2808254,,,,2010041,2010042,,,,,,2011061,2011062,,,,,,,,,,,,,,,,,,,
JEEP,GRAND CHEROKEE,,05-07,1046,1046-2,,,,B35-1001,35-1001,,,,,,201003,201003-2,,,,,,,,,,,,,,,,,,,,2060061,2808254,,,,2010031,2010032,,,,,,2011061,2011062,,,,,,,,,,,,,,,,,,,
JEEP,GRAND CHEROKEE,w/Tow hooks (Grill Guards/Boll Bars),99-04,1044,,,,,,,,,,,,,,,,,,,,,,,,,,,,,,,,,2060041,,,,,,,,,,,,,,,,,,,,,,,,,,,,,,,,
JEEP,GRAND CHEROKEE,"4WD, w/ Tow hooks (Grill Guards/Boll Bars)",98-98,1042,,,,,,,,,,,,201001,201001-2,,,,,,,,,,,,,,,,,,,,2060021,,,,,,,,,,,,2808335,2808336,,,,,,,,,,,,,,,,,,,
JEEP,LIBERTY,W/o Headlight Cage (Side Bars),08-12,1051,1051-2,,,5501,,,,,,,,201005,201005-2,,,,,,,,,,,,,,,,,,,,2060101,2808261,,,2808967,,,,,,,,2011081,2011082,,,,,,,,,,,,,,,,,,,
JEEP,LIBERTY,W/ Headlight Cage (Side Bars),08-12,,,,,5501,,,,,,,,201005,201005-2,,,,,,,,,,,,,,,,,,,,,,,,2808967,,,,,,,,2011081,2011082,,,,,,,,,,,,,,,,,,,
JEEP,LIBERTY,Except Sport,2007,1047,1047-2,,,,,,,,,,,201007,201007-2,,,,,,,,,,,,,,,,,,,,2060071,2808255,,,,,,,,,,,2808345,2808346,,,,,,,,,,,,,,,,,,,
JEEP,LIBERTY,Except w/Mudflaps & Sport,05-06,1047,1047-2,,,,,,,,,,,201002,201002-2,,,,,,,,,,,,,,,,,,,,2060071,2808255,,,,,,,,,,,2011051,2011052,,,,,,,,,,,,,,,,,,,
JEEP,LIBERTY,Except Renegade,02-04,1045,1045-2,,,,,,,,,,,201002,201002-2,,,,,,,,,,,,,,,,,,,,2060051,2808252,,,,,,,,,,,2011051,2011052,,,,,,,,,,,,,,,,,,,
JEEP,PATRIOT,,07-14,,,,,,,,,,,,,201009,201009-2,,,,,,,,,,,,,,,,,,,,,,,,,,,,,,,,2011111,2011112,,,,,,,,,,,,,,,,,,,
JEEP,WRANGLER,4DR Only,07-14,1050,1050-2,P1050,,,,,,,,,,35700,35700-2,,,,,231007TB,231007-2,AL231007,,,S221007-2,,,,,,,,,,2060091,2060092,2090014,,,,,,,,,,2010901,2010902,,,,,2808608,2808606,2040015,,,2807985,,,,,,,,,
JEEP,WRANGLER,2DR Only,07-14,1050,1050-2,P1050,,,,,,,,,,35800,35800-2,,,,,231008TB,,AL231008,,,S221009-2,,,,,,,,,,2060091,2060092,2090014,,,,,,,,,,2010911,2010912,,,,,2808609,,2040025,,,2807990,,,,,,,,,
JEEP,WRANGLER,4DR Except w/Factory Rocker,07-14,1050,1050-2,P1050,,,,,,,,,,,,,P35700,P35700-2,,,,,,,,,,,,,,,,,2060091,2060092,2090014,,,,,,,,,,,,,2070014,2807892,,,,,,,,,,,,,,,,
JEEP,WRANGLER,2DR Except w/Factory Rocker,07-14,1050,1050-2,P1050,,,,,,,,,,,,,P35800,P35800-2,,,,,,,,,,,,,,,,,2060091,2060092,2090014,,,,,,,,,,,,,2070024,2807893,,,,,,,,,,,,,,,,
JEEP,WRANGLER,,87-06,,,,,,,,,,,,,35600,35600-2,,,,,,,,,,,,,,,,,,,,,,,,,,,,,,,,2010891,2010892,,,,,,,,,,,,,,,,,,,
KIA,SOUL,,09-11,,,,B7545,7545,,,,,,,,,,,,,,,,,,,,,,,,,,,,,,,,2807594,2809022,,,,,,,,,,,,,,,,,,,,,,,,,,,,
KIA,SORENTO,,2014,,,,,7550,,,,,,,,200105,200105-2,,,,,,,,,,,,,,,,,,,,,,,,2809029,,,,,,,,2011001,2011002,,,,,,,,,,,,,,,,,,,
KIA,SORENTO,"Except ""SX""",11-13,,,,,7547,,,,,,,,,,,,,,,,,,,,,,,,,,,,,,,,,2809024,,,,,,,,,,,,,,,,,,,,,,,,,,,,
KIA,SORENTO,,2010,,,,,,,,,,,,,200103,200103-2,,,,,,,,,,,,,,,,,,,,,,,,,,,,,,,,2010981,2010982,,,,,,,,,,,,,,,,,,,
KIA,SORENTO,,03-09,,,,,,,,,,,,,200100,200100-2,,,,,,,,,,,,,,,,,,,,,,,,,,,,,,,,2010961,2010962,,,,,,,,,,,,,,,,,,,
KIA,SPORTAGE,,11-14,,,,,7519,,,,,,,,200104,200104-2,,,,,,,,,,,,,,,,,,,,,,,,,,,,,,,,2010991,2010992,,,,,,,,,,,,,,,,,,,
KIA,SPORTAGE,,2010,,,,,,,,,,,,,200101,200101-2,,,,,,,,,,,,,,,,,,,,,,,,,,,,,,,,2010971,2010972,,,,,,,,,,,,,,,,,,,
KIA,SPORTAGE,,05-09,,,,,7542,,,,,,,,200101,200101-2,,,,,,,,,,,,,,,,,,,,,,,,2809018,,,,,,,,2010971,2010972,,,,,,,,,,,,,,,,,,,
KIA,SPORTAGE,,2004,,,,,,,,,,,,,200101,200101-2,,,,,,,,,,,,,,,,,,,,,,,,,,,,,,,,2010971,2010972,,,,,,,,,,,,,,,,,,,
LANDROVER,LR3,,2010,,1021-2,,,,,,,,,,,200112,200112-2,,,,,,,,,,,,,,,,,,,,,2808247,,,,,,,,,,,2808328,2808329,,,,,,,,,,,,,,,,,,,
LANDROVER,LR3,,05-09,,1021-2,,,2101,,,,,,,,200112,200112-2,,,,,,,,,,,,,,,,,,,,,2808247,,,2808552,,,,,,,,2808328,2808329,,,,,,,,,,,,,,,,,,,
LEXUS,GX 470,,03-09,,,,,2548,,,,,,,,,,,,,,,,,,,,,,,,,,,,,,,,,2808660,,,,,,,,,,,,,,,,,,,,,,,,,,,,
LEXUS,RX350/400/400h,,10-13,,,,,,,,,,,,,202016,202016-2,,,,,,,,,S222016,S222016-2,,,,,,,,,,,,,,,,,,,,,,2808370,2011272,,,,,,,,,2807999,2030122,,,,,,,,,
LEXUS,RX330/350/400/400h,,04-09,,,,,,,,,,,,,202005,202005-2,,,,,,,,,,,,,,,,,,,,,,,,,,,,,,,,2808351,2808353,,,,,,,,,,,,,,,,,,,
LEXUS,RX330/400,,04-08,,,,,,,,,,,,,202007,,,,,,,,,,,,,,,,,,,,,,,,,,,,,,,,,2011181,,,,,,,,,,,,,,,,,,,,
LINCOLN,MARK LT,,2009,,,,,,B35-3007,35-3007,,,,,,,,,,,,,,,,,,,,,,,,,,,,,,,,2010211,2010212,,,,,,,,,,,,,,,,,,,,,,,,,,
LINCOLN,MARK LT,,05-08,3056,3056-2,,,,B35-3007,35-3007,,,,,,203015,203015-2,,,,,,,,,S223015,S223015-2,,,,,,,,,,2060411,2060412,,,,2010211,2010212,,,,,,2011431,2011432,,,,,,,,,2030151,2030152,,,,,,,,,
LINCOLN,MKX,,07-10,,,,,3502,,,,,,,,203032,203032-2,,,,,,,,,,,,,,,,,,,,,,,,2808781,,,,,,,,2011501,2011502,,,,,,,,,,,,,,,,,,,
LINCOLN,MKX,,2008,,,,,3502,,,,,,,,,,,,,,,,,,,,,,,,,,,,,,,,,2808781,,,,,,,,,,,,,,,,,,,,,,,,,,,,
MAZDA,B-SERIES,Regular Cab,98-09,,,,,,,,,,,,,203034,203034-2,,,,,,,,,,,,,,,,,,,,,,,,,,,,,,,,2011521,2011522,,,,,,,,,,,,,,,,,,,
MAZDA,B-SERIES,Regular Cab,82-97,,,,,,,,,,,,,203002,203002-2,,,,,,,,,,,,,,,,,,,,,,,,,,,,,,,,2808377,2808378,,,,,,,,,,,,,,,,,,,
MAZDA,B-SERIES,Extended Cab,98-09,,,,,,,,,,,,,203033,203033-2,,,,,,,,,,,,,,,,,,,,,,,,,,,,,,,,2011511,2011512,,,,,,,,,,,,,,,,,,,
MAZDA,B-SERIES,Extended Cab,82-97,,,,,,,,,,,,,203003,203003-2,,,,,,,,,,,,,,,,,,,,,,,,,,,,,,,,2011321,2011322,,,,,,,,,,,,,,,,,,,
MAZDA,CX-7,,06-10,,,,,,,,,,,,,203013,,,,,,,,,,,,,,,,,,,,,,,,,,,,,,,,,2808388,,,,,,,,,,,,,,,,,,,,
MAZDA,CX-7,,07-09,,,,,3521,,,,,,,,,,,,,,,,,,,,,,,,,,,,,,,,,2808785,,,,,,,,,,,,,,,,,,,,,,,,,,,,
MAZDA,TRIBUTE,,2010,3062,3062-2,,,,,,,,,,,203031,203031-2,,,,,,,,,,,,,,,,,,,,2060471,2808718,,,,,,,,,,,2011491,2011492,,,,,,,,,,,,,,,,,,,
MAZDA,TRIBUTE,,08-09,3062,3062-2,,,3501,,,,,,,,203031,203031-2,,,,,,,,,,,,,,,,,,,,2060471,2808718,,,2808779,,,,,,,,2011491,2011492,,,,,,,,,,,,,,,,,,,
MAZDA,TRIBUTE,,01-07,,,,,,,,,,,,,203012,203012-2,,,,,,,,,,,,,,,,,,,,,,,,,,,,,,,,2011401,2011402,,,,,,,,,,,,,,,,,,,
MERCEDES,GL 450,,07-12,,,,,,,,,,,,,200003,200003-2,,,,,,,,,,,,,,,,,,,,,,,,,,,,,,,,2808314,2808316,,,,,,,,,,,,,,,,,,,
MERCEDES,ML 320-500,,12-13,,,,,2506,,,,,,,,,,,,,,,,,,,,,,,,,,,,,,,,,2808654,,,,,,,,,,,,,,,,,,,,,,,,,,,,
MERCEDES,ML 320-500,,06-10,,,,,2502,,,,,,,,,,,,,,,,,,,,,,,,,,,,,,,,,2808649,,,,,,,,,,,,,,,,,,,,,,,,,,,,
MERCEDES,ML 320-500,,98-05,,,,,2501,,,,,,,,,200001-2,,,,,,,,,,,,,,,,,,,,,,,,2808648,,,,,,,,,2012322,,,,,,,,,,,,,,,,,,,
MERCEDES,ML 350-500,,12-13,,,,,2506,,,,,,,,200004,200004-2,,,,,,,,,,,,,,,,,,,,,,,,2808654,,,,,,,,2808317,2808318,,,,,,,,,,,,,,,,,,,
MERCEDES,ML 350-500,,06-11,,1001-2,,,2502,,,,,,,,200002,200002-2,,,,,,,,,,,,,,,,,,,,,2808244,,,2808649,,,,,,,,2808311,2808313,,,,,,,,,,,,,,,,,,,
MERCURY,MOUNTAINEER,,2008,,,,,3501,,,,,,,,,,,,,,,,,,,,,,,,,,,,,,,,,2808779,,,,,,,,,,,,,,,,,,,,,,,,,,,,
MINI COOPER,COOPER CONVERTIBLE,,09-11,,,,B2702,2702,,,,,,,,,,,,,,,,,,,,,,,,,,,,,,,,2807547,2808675,,,,,,,,,,,,,,,,,,,,,,,,,,,,
MINI COOPER,CLUBMAN,,08-11,,,,B2702,2702,,,,,,,,,,,,,,,,,,,,,,,,,,,,,,,,2807547,2808675,,,,,,,,,,,,,,,,,,,,,,,,,,,,
MINI COOPER,COOPER,,07-11,,,,B2702,2702,,,,,,,,,,,,,,,,,,,,,,,,,,,,,,,,2807547,2808675,,,,,,,,,,,,,,,,,,,,,,,,,,,,
MINI COOPER,COOPER,,02-06,,,,B2701,2701,,,,,,,,,,,,,,,,,,,,,,,,,,,,,,,,2807546,2808674,,,,,,,,,,,,,,,,,,,,,,,,,,,,
MITSUBISHI,MONTERO SPORT,,00-05,8044,,,,,,,,,,,,,,,,,,,,,,,,,,,,,,,,,2809030,,,,,,,,,,,,,,,,,,,,,,,,,,,,,,,,
MITSUBISHI,OUTLANDER,,11-12,,,,,2805,,,,,,,,,,,,,,,,,,,,,,,,,,,,,,,,,2808678,,,,,,,,,,,,,,,,,,,,,,,,,,,,
MITSUBISHI,RVR,,11-12,,,,,2805,,,,,,,,,,,,,,,,,,,,,,,,,,,,,,,,,2808678,,,,,,,,,,,,,,,,,,,,,,,,,,,,
NISSAN,ARMADA,XE,04-13,,,,,,B35-9001,35-9001,,,,,,,,,,,,,,,,,,,,,,S2875,B2875,GS2875,GB2875,4519,,,,,,2010461,2010462,,,,,,,,,,,,,,,,,,,,,,2050131,2050021,2807728,2807722,2080190
NISSAN,ARMADA,Except XE,04-13,9046,9046-2,,,,B35-9001,35-9001,,,,,,,,,,,,,,,,,,,,,,S2875,B2875,GS2875,GB2875,4519,2061171,2061172,,,,2010461,2010462,,,,,,,,,,,,,,,,,,,,,,2050131,2050021,2807728,2807722,2080190
NISSAN,FRONTIER,Extended Cab,05-14,9047,9047-2,,,,B35-9002,35-9002,,,,,,209009,209009-2,,,,,,,,,,,,,,,,,,,,2061181,2061182,,,,2010471,2010472,,,,,,2012271,2012272,,,,,,,,,,,,,,,,,,,
NISSAN,FRONTIER,Extended Cab,01-04,9044,,,,,,,,,,,,,,,,,,,,,,,,,,,,,,,,,2061151,,,,,,,,,,,,,,,,,,,,,,,,,,,,,,,,
NISSAN,FRONTIER,Extended Cab,98-00,9043,,,,,,,,,,,,,,,,,,,,,,,,,,,,,,,,,2061141,,,,,,,,,,,,,,,,,,,,,,,,,,,,,,,,
NISSAN,FRONTIER,Crew Cab,05-14,9047,9047-2,,,,B35-9002,35-9002,,,,,,209008,209008-2,,,,,,,,,,,,,,,,,,,,2061181,2061182,,,,2010471,2010472,,,,,,2012261,2012262,,,,,,,,,,,,,,,,,,,
NISSAN,FRONTIER,Crew Cab,01-04,9044,,,,,,,,,,,,,,,,,,,,,,,,,,,,,,,,,2061151,,,,,,,,,,,,,,,,,,,,,,,,,,,,,,,,
NISSAN,FRONTIER,Crew Cab,98-00,9043,,,,,,,,,,,,,,,,,,,,,,,,,,,,,,,,,2061141,,,,,,,,,,,,,,,,,,,,,,,,,,,,,,,,
NISSAN,MURANO,,09-13,,,,,9503,,,,,,,,,209012-2,,,,,,,,,,,,,,,,,,,,,,,,2809171,,,,,,,,,2808550,,,,,,,,,,,,,,,,,,,
NISSAN,MURANO,,03-08,,,,,9501,,,,,,,,,209005-2,,,,,,,,,,,,,,,,,,,,,,,,2809168,,,,,,,,,2808540,,,,,,,,,,,,,,,,,,,
NISSAN,PATHFINDER,,13-14,,,,,9504,,,,,,,,209013,209013-2,,,,,,,,,,,,,,,,,,,,,,,,2809173,,,,,,,,2012301,2012302,,,,,,,,,,,,,,,,,,,
NISSAN,PATHFINDER,,08-12,9049,,,,,B35-9003,35-9003,,,,,,209011,209011-2,,,,,,,,,,,,,,,,,,,,2061201,,,,,2010481,2010482,,,,,,2012291,2012292,,,,,,,,,,,,,,,,,,,
NISSAN,PATHFINDER,,05-07,9047,,,,,B35-9002,35-9002,,,,,,209011,209011-2,,,,,,,,,,,,,,,,,,,,2061181,,,,,2010471,2010472,,,,,,2012291,2012292,,,,,,,,,,,,,,,,,,,
NISSAN,PATHFINDER,,99.5-04,9042,,,,,,,,,,,,,,,,,,,,,,,,,,,,,,,,,2061131,,,,,,,,,,,,,,,,,,,,,,,,,,,,,,,,
NISSAN,PATHFINDER,,96-99,9041,,,,,,,,,,,,,,,,,,,,,,,,,,,,,,,,,2809159,,,,,,,,,,,,,,,,,,,,,,,,,,,,,,,,
NISSAN,ROGUE,Excludes Select,14-15,,,,,9505,,,,,,,,209014,209014-2,,,,,,,,,,,,,,,,,,,,,,,,2809174,,,,,,,,2012311,2012312,,,,,,,,,,,,,,,,,,,
NISSAN,ROGUE,Select,2014,,,,,9502,,,,,,,,,,,,,,,,,,,,,,,,,,,,,,,,,2809169,,,,,,,,,,,,,,,,,,,,,,,,,,,,
NISSAN,ROGUE,,08-13,,,,,9502,,,,,,,,209010,209010-2,,,,,,,,,,,,,,,,,,,,,,,,2809169,,,,,,,,2808548,2808549,,,,,,,,,,,,,,,,,,,
NISSAN,TITAN,"Extended Cab, XE",04-14,,,,,,B35-9001,35-9001,,,TB45-9001,,AL45-9001,209007,209007-2,,P209007,P209007-2,,,,,,S229007,S229007-2,,,,,S2875,B2875,GS2875,GB2875,4519,,,,,,2010461,2010462,,,2808093,,2020165,2808543,2808545,,2807881,2807882,,,,,,2808060,2808061,,,,,2050131,2050021,2807728,2807722,2080190
NISSAN,TITAN,"Extended Cab, Except XE",04-14,9046,9046-2,,,,B35-9001,35-9001,,,TB45-9001,,AL45-9001,209007,209007-2,,P209007,P209007-2,,,,,,S229007,S229007-2,,,,,S2875,B2875,GS2875,GB2875,4519,2061171,2061172,,,,2010461,2010462,,,2808093,,2020165,2808543,2808545,,2807881,2807882,,,,,,2808060,2808061,,,,,2050131,2050021,2807728,2807722,2080190
NISSAN,TITAN,"Crew Cab, XE",04-14,,,,,,B35-9001,35-9001,,,TB45-9001,,AL45-9001,209006,209006-2,,P209006,P209006-2,,239006TB,,AL239006,,S229006,S229006-2,,,,,S2885,B2885,GS2885,GB2885,4519,,,,,,2010461,2010462,,,2808093,,2020165,2012241,2012242,,2807879,2807880,,2808647,,2040175,,2030371,2030372,,,,,2050141,2050031,2807729,2807723,2080190
NISSAN,TITAN,"Crew Cab, Except XE",04-14,9046,9046-2,,,,B35-9001,35-9001,,,TB45-9001,,AL45-9001,209006,209006-2,,P209006,P209006-2,,239006TB,,AL239006,,S229006,S229006-2,,,,,S2885,B2885,GS2885,GB2885,4519,2061171,2061172,,,,2010461,2010462,,,2808093,,2020165,2012241,2012242,,2807879,2807880,,2808647,,2040175,,2030371,2030372,,,,,2050141,2050031,2807729,2807723,2080190
NISSAN,XTERRA,,2014,9048,9048-2,,,,B35-9002,35-9002,,,,,,,,,,,,,,,,,,,,,,,,,,,2061191,2809165,,,,2010471,2010472,,,,,,,,,,,,,,,,,,,,,,,,,,
NISSAN,XTERRA,,05-13,9048,9048-2,,,,B35-9002,35-9002,,,,,,,,,,,,,,,,S229008,,,,,,,,,,,2061191,2809165,,,,2010471,2010472,,,,,,,,,,,,,,,,2030391,,,,,,,,,,
NISSAN,XTERRA,,02-04,9045,,,,,,,,,,,,,,,,,,,,,,,,,,,,,,,,,2061161,,,,,,,,,,,,,,,,,,,,,,,,,,,,,,,,
NISSAN,XTERRA,,99-01,9043,,,,,,,,,,,,,,,,,,,,,,,,,,,,,,,,,2061141,,,,,,,,,,,,,,,,,,,,,,,,,,,,,,,,
SATURN,OUTLOOK,,08-09,,,,,,,,,,,,,204031,204031-2,,,,,,,,,,,,,,,,,,,,,,,,,,,,,,,,2011741,2011742,,,,,,,,,,,,,,,,,,,
SUBARU,FORESTER,,09-13,,,,B2801,2801,,,,,,,,200801,200801-2,,,,,,,,,,,,,,,,,,,,,,,2807549,2808677,,,,,,,,2808331,2808333,,,,,,,,,,,,,,,,,,,
SUZUKI,GRAND VITARA,,06-10,,,,,,,,,,,,,200008,200008-2,,,,,,,,,,,,,,,,,,,,,,,,,,,,,,,,2808321,2808323,,,,,,,,,,,,,,,,,,,
TOYOTA,4RUNNER,Excluding SR5,2014,2063,2063-2,,,,,,,,,,,202017,202017-2,,,,,,,,,,,,,,,,,,,,2060271,2060272,,,,,,,,,,,2011281,2011282,,,,,,,,,,,,,,,,,,,
TOYOTA,4RUNNER,SR5,2014,2066,2066-2,,,,B35-2006,35-2006,,,,,,202017,202017-2,,,,,,,,,,,,,,,,,,,,2060301,2060302,,,,2010121,2010122,,,,,,2011281,2011282,,,,,,,,,,,,,,,,,,,
TOYOTA,4RUNNER,SR5 & LTD w/ Rocker Covers,10-13,2063,2063-2,,,,,,,,,,,202017,202017-2,,,,,,,,,,,,,,,,,,,,2060271,2060272,,,,,,,,,,,2011281,2011282,,,,,,,,,,,,,,,,,,,
TOYOTA,4RUNNER,Base Model,10-13,2063,2063-2,,,,B35-2006,35-2006,,,,,,202000,202000-2,,,,,,,,,,,,,,,,,,,,2060271,2060272,,,,2010121,2010122,,,,,,2011121,2011122,,,,,,,,,,,,,,,,,,,
TOYOTA,4RUNNER,,03-09,2058,2058-2,,,,B35-2005,35-2005,,,,,,202000,202000-2,,,,,,,,,,,,,,,,,,,,2060241,2060242,,,,2010111,2010112,,,,,,2011121,2011122,,,,,,,,,,,,,,,,,,,
TOYOTA,4RUNNER,,99-02,2044,2044-2,,,,,,,,,,,,,,,,,,,,,,,,,,,,,,,,2060141,2060142,,,,,,,,,,,,,,,,,,,,,,,,,,,,,,,
TOYOTA,4RUNNER,,96-98,2042,2042-2,,,,,,,,,,,,,,,,,,,,,,,,,,,,,,,,2060121,2808456,,,,,,,,,,,,,,,,,,,,,,,,,,,,,,,
TOYOTA,FJ CRUISER,,07-14,2059,2059-2,,,,B35-2003,35-2003,,,,,,202011,202011-2,,,,,,,,,S222011,S222011-2,,,,,,,,,,2060251,2808509,,,,2010091,2010092,,,,,,2011221,2011222,,,,,,,,,2030091,2807994,,,,,,,,,
TOYOTA,HIGHLANDER,,2014,,,,,,B35-2009,35-2009,,,,,,202019,202019-2,,,,,,,,,,,,,,,,,,,,,,,,,2110201,2110202,,,,,,2110231,2110232,,,,,,,,,,,,,,,,,,,
TOYOTA,HIGHLANDER,Hybrid,11-13,,,,,,B35-2008,35-2008,,,,,,202015,202015-2,,,,,,,,,,,,,,,,,,,,,,,,,2807560,2808743,,,,,,2011261,2011262,,,,,,,,,,,,,,,,,,,
TOYOTA,HIGHLANDER,Excludes Hybrid,11-13,2064,2064-2,,,,B35-2008,35-2008,,,,,,202015,202015-2,,,,,,,,,,,,,,,,,,,,2060281,2808530,,,,2807560,2808743,,,,,,2011261,2011262,,,,,,,,,,,,,,,,,,,
TOYOTA,HIGHLANDER,,08-10,2061,2061-2,,,2550,B35-2007,35-2007,,,,,,202015,202015-2,,,,,,,,,,,,,,,,,,,,2060261,2808527,,,2808662,2807559,2808742,,,,,,2011261,2011262,,,,,,,,,,,,,,,,,,,
TOYOTA,HIGHLANDER,,01-07,2056,2056-2,,,,,,,,,,,202005,202005-2,,,,,,,,,,,,,,,,,,,,2060231,2808507,,,,,,,,,,,2808351,2808353,,,,,,,,,,,,,,,,,,,
TOYOTA,LAND CRUISER,,98-07,2043,,,,,,,,,,,,,,,,,,,,,,,,,,,,,,,,,2060131,,,,,,,,,,,,,,,,,,,,,,,,,,,,,,,,
TOYOTA,RAV4,,13-14,2065,2065-2,,,2549,,,,,,,,202018,202018-2,,,,,,,,,,,,,,,,,,,,2060291,2060292,,,2808661,,,,,,,,2011291,2011292,,,,,,,,,,,,,,,,,,,
TOYOTA,RAV4,,06-12,2065,2065-2,,,2549,,,,,,,,202010,202010-2,,,,,,,,,,,,,,,,,,,,2060291,2060292,,,2808661,,,,,,,,2011211,2011212,,,,,,,,,,,,,,,,,,,
TOYOTA,RAV4,,01-05,2047,,,,2547,,,,,,,,,,,,,,,,,,,,,,,,,,,,,2808460,,,,2808658,,,,,,,,,,,,,,,,,,,,,,,,,,,,
TOYOTA,SEQUOIA,,2014,2067,2067-2,,,,,,,,,,,,,,,,,,,,,,,,,,,,,,,,2060311,2060312,,,,,,,,,,,,,,,,,,,,,,,,,,,,,,,
TOYOTA,SEQUOIA,,12-13,2067,2067-2,,,,B35-2004,35-2004,B35-2004-3,P35-2004,,,AL45-2004,,,,,,,,,,,,,,,,,,,,,,2060311,2060312,,,,2010101,2010102,2010504,2010503,,,2020025,,,,,,,,,,,,,,,,,,,,,
TOYOTA,SEQUOIA,,08-11,2067,2067-2,,,,B35-2004,35-2004,B35-2004-3,P35-2004,TB45-2004,45-2004,AL45-2004,,,,,,,,,,,,,,,,,,,,,,2060311,2060312,,,,2010101,2010102,2010504,2010503,2808076,2020172,2020025,,,,,,,,,,,,,,,,,,,,,
TOYOTA,SEQUOIA,,05-07,2055,2055-2,,,,B35-2001,35-2001,,,,,,,,,,,,,,,,,,,,,,,,,,,2808505,2808506,,,,2010071,2010072,,,,,,,,,,,,,,,,,,,,,,,,,,
TOYOTA,SEQUOIA,,01-04,2048,2048-2,,,,B35-2001,35-2001,,,,,,,,,,,,,,,,,,,,,,,,,,,2808461,2808463,,,,2010071,2010072,,,,,,,,,,,,,,,,,,,,,,,,,,
TOYOTA,TACOMA,Regular Cab,2015,2054,2054-2,P2054,,,B35-2002,35-2002,B35-2002-3,P35-2002,,,,,,,,,,,,,,,,,,,,,,,,,2060211,2060212,2090024,,,2010081,2010082,2010494,2010493,,,,,,,,,,,,,,,,,,,,,,,,
TOYOTA,TACOMA,Regular Cab,05-14,2054,2054-2,P2054,,,B35-2002,35-2002,B35-2002-3,P35-2002,,,,,,,,,,,,,,,,,,,,S2853,B2853,,,4521,2060211,2060212,2090024,,,2010081,2010082,2010494,2010493,,,,,,,,,,,,,,,,,,,,2050121,2050011,,,2080200
TOYOTA,TACOMA,Regular Cab,01-04,2049,2049-2,,,,B35-2000,35-2000,,,,,,,,,,,,,,,,,,,,,,,,,,,2060181,2060182,,,,2010061,2010062,,,,,,,,,,,,,,,,,,,,,,,,,,
TOYOTA,TACOMA,Regular Cab,98-00,2042,2042-2,,,,B35-2000,35-2000,,,,,,,,,,,,,,,,,,,,,,,,,,,2060121,2808456,,,,2010061,2010062,,,,,,,,,,,,,,,,,,,,,,,,,,
TOYOTA,TACOMA,Extended Cab,05-15,2054,2054-2,P2054,,,B35-2002,35-2002,B35-2002-3,P35-2002,,,,202008,202008-2,,P202008,P202008-2,,,,,,S222008,S222008-2,,,,,S2875,B2875,GS2875,GB2875,4521,2060211,2060212,2090024,,,2010081,2010082,2010494,2010493,,,,2011191,2011192,,2010664,2807833,,,,,,2030071,2030072,,,,,2050131,2050021,2807728,2807722,2080200
TOYOTA,TACOMA,Extended Cab,01-04,2049,2049-2,,,,B35-2000,35-2000,,,,,,202001,202001-2,,,,,,,,,,,,,,,,,,,,2060181,2060182,,,,2010061,2010062,,,,,,2011131,2011132,,,,,,,,,,,,,,,,,,,
TOYOTA,TACOMA,Extended Cab,98-00,2042,2042-2,,,,B35-2000,35-2000,,,,,,202001,202001-2,,,,,,,,,,,,,,,,,,,,2060121,2808456,,,,2010061,2010062,,,,,,2011131,2011132,,,,,,,,,,,,,,,,,,,
TOYOTA,TACOMA,Double Cab ,05-15,2054,2054-2,P2054,,,B35-2002,35-2002,B35-2002-3,P35-2002,,,,,,,,,,,,,,,,,,,,S2885,B2885,GS2885,GB2885,4521,2060211,2060212,2090024,,,2010081,2010082,2010494,2010493,,,,,,,,,,,,,,,,,,,,2050141,2050031,2807729,2807723,2080200
TOYOTA,TACOMA,Double Cab ,01-04,2049,2049-2,,,,B35-2000,35-2000,,,,,,,,,,,,,,,,,,,,,,S2885,B2885,GS2885,GB2885,4522,2060181,2060182,,,,2010061,2010062,,,,,,,,,,,,,,,,,,,,,,2050141,2050031,2807729,2807723,2080210
TOYOTA,TACOMA,Crew Cab,05-15,2054,2054-2,P2054,,,B35-2002,35-2002,B35-2002-3,P35-2002,,,,202009,202009-2,,P202009,P202009-2,,,,AL232009,,S222009,S222009-2,,,,,,,,,,2060211,2060212,2090024,,,2010081,2010082,2010494,2010493,,,,2011201,2011202,,2010674,2807835,,,,2040035,,2030081,2030082,,,,,,,,,
TOYOTA,TACOMA,Crew Cab,01-04,2049,2049-2,,,,B35-2000,35-2000,,,,,,202004,202004-2,,,,,,,,,,,,,,,,,,,,2060181,2060182,,,,2010061,2010062,,,,,,2011151,2011152,,,,,,,,,,,,,,,,,,,
TOYOTA,TUNDRA,Regular Cab,07-14,2067,2067-2,P2067,,,B35-2004,35-2004,B35-2004-3,P35-2004,TB45-2004,45-2004,AL45-2004,202014,202014-2,,,,,,,,,,,,,,,S2853,B2853,,,4515,2060311,2060312,2090124,,,2010101,2010102,2010504,2010503,2808076,2020172,2020025,2808366,2808368,,,,,,,,,,,,,,,2050121,2050011,,,2080170
TOYOTA,TUNDRA,Regular Cab,03-06,2052,2052-2,,,,B35-2001,35-2001,,,,,,,,,,,,,,,,,,,,,,,,,,,2060191,2808501,,,,2010071,2010072,,,,,,,,,,,,,,,,,,,,,,,,,,
TOYOTA,TUNDRA,Regular Cab,00-02,2045,2045-2,,,,B35-2001,35-2001,,,,,,,,,,,,,,,,,,,,,,,,,,,2060151,2060152,,,,2010071,2010072,,,,,,,,,,,,,,,,,,,,,,,,,,
TOYOTA,TUNDRA,Extended Cab,03-06,2052,2052-2,,,,B35-2001,35-2001,,,,,,202003,202003-2,,,,,,,,,,,,,,,S2875,B2875,GS2875,GB2875,4516,2060191,2808501,,,,2010071,2010072,,,,,,2011141,2011142,,,,,,,,,,,,,,,2050131,2050021,2807728,2807722,2080180
TOYOTA,TUNDRA,Extended Cab,00-02,2045,2045-2,,,,B35-2001,35-2001,,,,,,202003,202003-2,,,,,,,,,,,,,,,S2875,B2875,GS2875,GB2875,4516,2060151,2060152,,,,2010071,2010072,,,,,,2011141,2011142,,,,,,,,,,,,,,,2050131,2050021,2807728,2807722,2080180
TOYOTA,TUNDRA,Double Cab,07-14,2067,2067-2,P2067,,,B35-2004,35-2004,B35-2004-3,P35-2004,TB45-2004,45-2004,AL45-2004,202012,202012-2,,P202012,P202012-2,,232012TB,232012-2,AL232012,,S222012,S222012-2,,,,,S2885,B2885,GS2885,GB2885,4515,2060311,2060312,2090124,,,2010101,2010102,2010504,2010503,2808076,2020172,2020025,2011231,2011232,,2010684,2807837,,2808613,2808611,2040045,,2030101,2030102,,,,,2050141,2050031,2807729,2807723,2080170
TOYOTA,TUNDRA,Double Cab,04-06,2053,2053-2,,,,B35-2001,35-2001,,,,,,202006,202006-2,,,,,,,,,,S222006-2,,,,,,,,,,2060201,2808502,,,,2010071,2010072,,,,,,2011171,2011172,,,,,,,,,,2030022,,,,,,,,,
TOYOTA,TUNDRA,Crew Cab,07-14,2067,2067-2,P2067,,,B35-2004,35-2004,B35-2004-3,P35-2004,TB45-2004,45-2004,AL45-2004,202013,202013-2,,P202013,P202013-2,,232013TB,232013-2,AL232013,,S222013,S222013-2,,,,,S2891,B2891,GS2891,GB2891,4515,2060311,2060312,2090124,,,2010101,2010102,2010504,2010503,2808076,2020172,2020025,2011241,2011242,,2010694,2807838,,2808617,2808615,2040055,,2030111,2030112,,,,,2050151,2050041,2807730,2807724,2080170
