,APPLICATION,,,ROW 1,,,,ROW 2,,,,,ROW 3,,,,CARGO,,,,,ROW 1,,,,ROW 2,,,,,ROW 3,,,,CARGO,,,,
,Model,Style,Years,"Black
Row 1Black
Row 1Black
Row 1Black
Row 1Black
Row 1Black
Row 1Black
Row 1Black
Row 1Black
Row 1","Grey
Row 1Grey
Row 1Grey
Row 1Grey
Row 1Grey
Row 1Grey
Row 1Grey
Row 1Grey
Row 1Grey
Row 1","Beige
Row 1Beige
Row 1Beige
Row 1Beige
Row 1Beige
Row 1Beige
Row 1Beige
Row 1Beige
Row 1Beige
Row 1",Row 1 Notes,"Black
Row 2Black
Row 2Black
Row 2Black
Row 2Black
Row 2Black
Row 2Black
Row 2Black
Row 2Black
Row 2","Grey
Row 2Grey
Row 2Grey
Row 2Grey
Row 2Grey
Row 2Grey
Row 2Grey
Row 2Grey
Row 2Grey
Row 2","Beige
Row 2Beige
Row 2Beige
Row 2Beige
Row 2Beige
Row 2Beige
Row 2Beige
Row 2Beige
Row 2Beige
Row 2",Row 2 Pieces,Row 2 Notes,"Black
Row 3Black
Row 3Black
Row 3Black
Row 3Black
Row 3Black
Row 3Black
Row 3Black
Row 3Black
Row 3","Grey
Row 3Grey
Row 3Grey
Row 3Grey
Row 3Grey
Row 3Grey
Row 3Grey
Row 3Grey
Row 3Grey
Row 3","Beige
Row 3Beige
Row 3Beige
Row 3Beige
Row 3Beige
Row 3Beige
Row 3Beige
Row 3Beige
Row 3Beige
Row 3",Row 3 Notes,"Black
CargoBlack
CargoBlack
CargoBlack
CargoBlack
CargoBlack
CargoBlack
CargoBlack
CargoBlack
Cargo","Grey
CargoGrey
CargoGrey
CargoGrey
CargoGrey
CargoGrey
CargoGrey
CargoGrey
CargoGrey
Cargo","Beige
CargoBeige
CargoBeige
CargoBeige
CargoBeige
CargoBeige
CargoBeige
CargoBeige
CargoBeige
Cargo","Black
Cargo
FoldableBlack
Cargo
FoldableBlack
Cargo
FoldableBlack
Cargo
FoldableBlack
Cargo
FoldableBlack
Cargo
FoldableBlack
Cargo
FoldableBlack
Cargo
FoldableBlack
Cargo
Foldable",Cargo Notes,"Black
Row 1Black
Row 1Black
Row 1Black
Row 1Black
Row 1Black
Row 1Black
Row 1Black
Row 1Black
Row 1","Grey
Row 1Grey
Row 1Grey
Row 1Grey
Row 1Grey
Row 1Grey
Row 1Grey
Row 1Grey
Row 1Grey
Row 1","Beige
Row 1Beige
Row 1Beige
Row 1Beige
Row 1Beige
Row 1Beige
Row 1Beige
Row 1Beige
Row 1Beige
Row 1",Row 1 Notes,"Black
Row 2Black
Row 2Black
Row 2Black
Row 2Black
Row 2Black
Row 2Black
Row 2Black
Row 2Black
Row 2","Grey
Row 2Grey
Row 2Grey
Row 2Grey
Row 2Grey
Row 2Grey
Row 2Grey
Row 2Grey
Row 2Grey
Row 2","Beige
Row 2Beige
Row 2Beige
Row 2Beige
Row 2Beige
Row 2Beige
Row 2Beige
Row 2Beige
Row 2Beige
Row 2",Row 2 Pieces,Row 2 Notes,"Black
Row 3Black
Row 3Black
Row 3Black
Row 3Black
Row 3Black
Row 3Black
Row 3Black
Row 3Black
Row 3","Grey
Row 3Grey
Row 3Grey
Row 3Grey
Row 3Grey
Row 3Grey
Row 3Grey
Row 3Grey
Row 3Grey
Row 3","Beige
Row 3Beige
Row 3Beige
Row 3Beige
Row 3Beige
Row 3Beige
Row 3Beige
Row 3Beige
Row 3Beige
Row 3",Row 3 Notes,"Black
CargoBlack
CargoBlack
CargoBlack
CargoBlack
CargoBlack
CargoBlack
CargoBlack
CargoBlack
Cargo","Grey
CargoGrey
CargoGrey
CargoGrey
CargoGrey
CargoGrey
CargoGrey
CargoGrey
CargoGrey
Cargo","Beige
CargoBeige
CargoBeige
CargoBeige
CargoBeige
CargoBeige
CargoBeige
CargoBeige
CargoBeige
Cargo","Black
Cargo
FoldableBlack
Cargo
FoldableBlack
Cargo
FoldableBlack
Cargo
FoldableBlack
Cargo
FoldableBlack
Cargo
FoldableBlack
Cargo
FoldableBlack
Cargo
FoldableBlack
Cargo
Foldable",Cargo Notes
,ACURA,,,,,,,,,,,,,,,,,,,,,,,,,,,,,,,,,,,,,,
ACURA,MDX,,2014,AC00611509,AC00611501,AC00011502,,AC00621509,AC00621501,AC00621502,1,,,,,,AC0061309,AC0061301,AC0061302,Yes,"Fits behind 2nd row, folds for use of 3rd row",2800051,2800052,2800013,,2800061,2800062,2800063,1,,,,,,2800071,2800072,2800073,Yes,"Fits behind 2nd row, folds for use of 3rd row"
ACURA,,,07-13,AC00011509,AC00011501,AC00011502,,AC00021509,AC00021501,AC00021502,1,,,,,,AC0041309,AC0041301,AC0041302,Yes,"Fits behind 2nd row, folds for use of 3rd row",2800011,2800012,2800013,,2800021,2800022,2800023,1,,,,,,2800041,2800042,2800043,Yes,"Fits behind 2nd row, folds for use of 3rd row"
ACURA,RDX,,13-14,AC00511509,AC00511501,AC00511502,,AC00521509,AC00521501,AC00521502,1,,,,,,AC0051309,AC0051301,AC0051302,Yes,,2800081,2800082,2800083,,2800091,2800092,2800093,1,,,,,,2800101,2800102,2800103,Yes,
ACURA,RLX,,2014,AC00711509,AC00711501,AC00711502,,AC00721509,AC00721501,AC00721502,1,,,,,,AC0071309,AC0071301,AC0071302,No,,2809175,2809201,2809227,,2809176,2809202,2809228,1,,,,,,2809177,2809203,2809229,No,
ACURA,TL,FWD,09-13,AC00311509,AC00311501,AC00311502,,AC00321509,AC00321501,AC00321502,2,,,,,,,,,,,2800111,2800112,2800113,,2800121,2800122,2800123,2,,,,,,,,,,
AUDI,A3,Sedan,2014,AD03311509,AD03311501,AD03311502,,AD03321509,AD03321501,AD03321502,2,,--,--,--,,-,-,-,-,,2809178,2809204,2809230,,2809179,2809205,2809231,2,,,,,,,,,-,
AUDI,A3,Hatchback,2014,AD03311509,AD03311501,AD03311502,,AD03321509,AD03321501,AD03321502,2,,--,--,--,,AD0331309,AD0331301,AD0331302,Yes,,2809178,2809204,2809230,,2809179,2809205,2809231,2,,,,,,2809180,2809206,2809232,Yes,
AUDI,A3,Hatchback,06-13,AD00511509,AD00511501,AD00511502,,AD00521509,AD00521501,AD00521502,2,,--,--,--,,AD0211309,AD0211301,AD0211302,Yes,,2800131,2800132,2800133,,2800141,2800142,2800143,2,,,,,,2800151,2800152,2800153,Yes,
AUDI,A4,Sedan,09-14,AD00711509,AD00711501,AD00711502,,AD00721509,AD00721501,AD00721502,2,,--,--,--,,AD0081309,AD0081301,AD0081302,Yes,,2800161,2800162,2800163,,2800171,2800172,2800173,2,,,,,,2800181,2800182,2800183,Yes,
AUDI,A5,Coupe,09-14,AD01011509,AD01011501,AD01011502,,AD01021509,AD01021501,AD01021502,2,,--,--,--,,--,--,--,--,,2800191,2800192,2800193,,2800201,2800202,2800203,2,,,,,,,,,--,
AUDI,A6,,12-14,AD02211509,AD02211501,AD02211502,,AD02221509,AD02221501,AD02221502,2,,--,--,--,,AD0221309,AD0221301,AD0221302,Yes,,2800211,2800212,2800213,,2800221,2800222,2800223,2,,,,,,2800231,2800232,2800233,Yes,
AUDI,A6,,05-11,AD00611509,AD00611501,AD00611502,,AD00621509,AD00621501,AD00621502,2,,--,--,--,,--,--,--,--,,2800241,2800242,2800243,,2800251,2800252,2800253,2,,,,,,,,,--,
AUDI,A7,,12-14,AD02211509,AD02211501,AD02211502,,AD02221509,AD02221501,AD02221502,2,,--,--,--,,AD0231309,AD0231301,AD0231302,Yes,,2800211,2800212,2800213,,2800221,2800222,2800223,2,,,,,,2806987,2806985,2806986,Yes,
AUDI,A8,Excluding L,11-14,AD01711509,AD01711501,AD01711502,,AD01821509,AD01821501,AD01821502,2,,--,--,--,,AD0181309,AD0181301,AD0181302,Yes,w/o ice box,2800291,2800292,2800293,,2800281,2800282,2800283,2,,,,,,2800311,2800312,2800313,Yes,w/o ice box
AUDI,A8,L,11-14,AD01711509,AD01711501,AD01711502,,AD01721509,AD01721501,AD01721502,2,,--,--,--,,AD0181309,AD0181301,AD0181302,Yes,w/o ice box,2800291,2800292,2800293,,2800301,2800302,2800303,2,,,,,,2800311,2800312,2800313,Yes,w/o ice box
AUDI,Q5,,09-14,AD00911509,AD00911501,AD00911502,,AD00921509,AD00921501,AD00921502,2,,--,--,--,,AD0131309,AD0131301,AD0131302,Yes,,2800321,2800322,2800323,,2800331,2800332,2800333,2,,,,,,2800341,2800342,2800343,Yes,
AUDI,Q7,,07-14,AD00411509,AD00411501,AD00411502,,AD00421509,AD00421501,AD00421502,2,Bench seat only,--,--,--,,AD0041309,AD0041301,AD0041302,Yes,"Fits behind 2nd row, folds for use of 3rd row",2800351,2800352,2800353,,2800361,2800362,2800363,2,Bench seat only,,,,,2800371,2800372,2806984,Yes,"Fits behind 2nd row, folds for use of 3rd row"
AUDI,RS4,Sedan,09-14,AD00711509,AD00711501,AD00711502,,AD00721509,AD00721501,AD00721502,2,,--,--,--,,AD0081309,AD0081301,AD0081302,Yes,,2800161,2800162,2800163,,2800171,2800172,2800173,2,,,,,,2800181,2800182,2800183,Yes,
AUDI,RS6,Sedan,12-14,AD02211509,AD02211501,AD02211502,,AD02221509,AD02221501,AD02221502,2,,--,--,--,,--,--,--,--,,2800211,2800212,2800213,,2800221,2800222,2800223,2,,,,,,,,,--,
AUDI,RS6,,05-11,AD00611509,AD00611501,AD00611502,,AD00621509,AD00621501,AD00621502,2,,--,--,--,,--,--,--,--,,2800241,2800242,2800243,,2800251,2800252,2800253,2,,,,,,,,,--,
AUDI,S4,Sedan,09-14,AD00711509,AD00711501,AD00711502,,AD00721509,AD00721501,AD00721502,2,,--,--,--,,AD0081309,AD0081301,AD0081302,Yes,,2800161,2800162,2800163,,2800171,2800172,2800173,2,,,,,,2800181,2800182,2800183,Yes,
AUDI,S5,Coupe,09-14,AD01011509,AD01011501,AD01011502,,AD01021509,AD01021501,AD01021502,2,,--,--,--,,--,--,--,--,,2800191,2800192,2800193,,2800201,2800202,2800203,2,,,,,,,,,--,
AUDI,S6,Sedan,12-14,AD02211509,AD02211501,AD02211502,,AD02221509,AD02221501,AD02221502,2,,--,--,--,,AD0221309,AD0221301,AD0221302,Yes,,2800211,2800212,2800213,,2800221,2800222,2800223,2,,,,,,2800231,2800232,2800233,Yes,
AUDI,TT,,05-11,AD00611509,AD00611501,AD00611502,,AD00621509,AD00621501,AD00621502,2,,--,--,--,,--,--,--,--,,2800241,2800242,2800243,,2800251,2800252,2800253,2,,,,,,,,,--,
AUDI,TT,,08-13,AD01111509,AD01111501,AD01111502,,AD01121509,AD01121501,AD01121502,2,,--,--,--,,--,--,--,--,,2800381,2800382,2800373,,2800391,2800392,2800383,2,,,,,,,,,--,
BMW,3-SERIES,"Convertible, Excluding XI",07-13,BM02411509,BM02411501,BM02411502,,BM02421509,BM02421501,BM02421502,2,,--,--,--,,--,--,--,--,,2800611,2800612,2800603,,2800621,2800622,2800613,2,,,,,,,,,--,
BMW,3-SERIES,"Coupe, Excluding XI",07-13,BM00611509,BM00611501,BM00611502,,BM02521509,BM02521501,BM02521502,2,,--,--,--,,--,--,--,--,,2800631,2800632,2800623,,2800661,2800662,2800653,2,,,,,,,,,--,
BMW,3-SERIES,Grand Tourismo,13-14,BM03711509,BM03711501,BM03711502,,BM04821509,BM04821501,BM04821502,2,,--,--,--,,--,--,--,--,,2800671,2800672,2800663,,2800701,2800702,2800693,2,,,,,,,,,--,
BMW,3-SERIES,"Sedan, Excluding XI",12-14,BM03711509,BM03711501,BM03711502,,BM03721509,BM03721501,BM03721502,2,,--,--,--,,BM0371309,BM0371301,BM0371302,No,,2800671,2800672,2800663,,2800681,2800682,2800673,2,,,,,,2800691,2800692,2800683,No,
BMW,3-SERIES,"Sedan, Excluding XI",06-11,BM00611509,BM00611501,BM00611502,,BM00621509,BM00621501,BM00621502,2,,--,--,--,,BM0061309,BM0061301,BM0061302,No,,2800631,2800632,2800623,,2800641,2800642,2800633,2,,,,,,2800651,2800652,2800643,No,
BMW,4-SERIES,Coupe,2014,BM05611509,BM05611501,BM05611502,,BM05621509,BM05621501,BM05621502,2,,--,--,--,,--,--,--,--,,2800711,2800712,2800703,,2800721,2800722,2800713,2,,,,,,,,,--,
BMW,5-SERIES,Sedan,2014,BM02611509,BM02611501,BM02611502,,BM05821509,BM05821501,BM05821502,2,,--,--,--,,BM0201309,BM0201301,BM0201302,Yes,,2800761,2800762,2800753,,2800781,2800782,2800773,2,,,,,,2800791,2800792,2800783,Yes,
BMW,5-SERIES,Sedan,11-13,BM02611509,BM02611501,BM02611502,,BM02621509,BM02621501,BM02621502,2,,--,--,--,,BM0201309,BM0201301,BM0201302,Yes,,2800761,2800762,2800753,,2800771,2800772,2800763,2,,,,,,2800791,2800792,2800783,Yes,
BMW,5-SERIES,Sedan,04-10,BM00411509,BM00411501,BM00411502,,BM00421509,BM00421501,BM00421502,2,,--,--,--,,BM0041309,BM0041301,BM0041302,No,,2800731,2800732,2800723,,2800741,2800742,2800733,2,,,,,,2800751,2800752,2800743,No,
BMW,7-SERIES,"Li, Excluding XI",13-14,BM01411509,BM01411501,BM01411502,,BM0141309,BM04621501,BM04621502,2,,--,--,--,,BM0141309,BM0141301,BM0141302,No,,2800981,2800982,2800973,,2801041,2801022,2801013,2,,,,,,2801041,2801042,2801033,No,
BMW,7-SERIES,"Li, Excluding XI",09-12,BM01411509,BM01411501,BM01411502,,BM0141309,BM01421501,BM01421502,2,,--,--,--,,BM0141309,BM0141301,BM0141302,No,,2800981,2800982,2800973,,2801041,2801002,2800993,2,,,,,,2801041,2801042,2801033,No,
BMW,7-SERIES,Excluding Li and XI,13-14,BM01411509,BM01411501,BM01411502,,BM0141309,BM05721501,BM05721502,2,,--,--,--,,BM0141309,BM0141301,BM0141302,No,,2800981,2800982,2800973,,2801041,2801012,2801003,2,,,,,,2801041,2801042,2801033,No,
BMW,7-SERIES,Excluding Li and XI,09-12,BM01411509,BM01411501,BM01411502,,BM0141309,BM02321501,BM02321502,2,,--,--,--,,BM0141309,BM0141301,BM0141302,No,,2800981,2800982,2800973,,2801041,2800992,2800983,2,,,,,,2801041,2801042,2801033,No,
BMW,X1,AWD,13-14,BM01711509,BM01711501,BM01711502,,BM04521509,BM04521501,BM04521502,2,,--,--,--,,--,--,--,--,,2807066,2807064,2807065,,2800821,2800822,2800813,2,,,,,,,,,--,
BMW,X1,RWD,13-14,BM04511509,BM04511501,BM04511502,,BM04521509,BM04521501,BM04521502,2,,--,--,--,,--,--,--,--,,2800811,2800812,2800803,,2800821,2800822,2800813,2,,,,,,,,,--,
BMW,X3,,11-14,BM03211509,BM03211501,BM03211502,,BM03221509,BM03221501,BM03221502,1,,--,--,--,,BM0321309,BM0321301,BM0321302,Yes,,2800861,2800862,2800853,,2800871,2800872,2800863,1,,,,,,2800881,2800882,2800873,Yes,
BMW,X3,,04-10,BM01211509,BM01211501,BM01211502,,BM01221509,BM01221501,BM01221502,2,,--,--,--,,BM0121309,BM0121301,BM0121302,No,,2800831,2800832,2800823,,2800841,2800842,2800833,2,,,,,,2800851,2800852,2800843,No,
BMW,X5,,2014,BM05511509,BM05511501,BM05511502,,BM05521509,BM05521501,BM05521502,1,,--,--,--,,BM0551309,BM0551301,BM0551302,Yes,"w/o cargo system, Fits behind 2nd row, folds for use of 3rd row",2800951,2800952,2800943,,2800961,2800962,2800953,1,,,,,,2800971,2800972,2800963,Yes,"w/o cargo system, Fits behind 2nd row, folds for use of 3rd row"
BMW,X5,,07-13,BM01011509,BM01011501,BM01011502,,BM01021509,BM01021501,BM01021502,1,,--,--,--,,BM0211309,BM0211301,BM0211302,Yes,"Fits behind 2nd row, folds for use of 3rd row",2800921,2800922,2800913,,2800931,2800932,2800923,1,,,,,,2800941,2800942,2800933,Yes,"Fits behind 2nd row, folds for use of 3rd row"
BMW,X5,,00-06,BM00511509,BM00511501,BM00511502,,BM00521509,BM00521501,BM00521502,1,,--,--,--,,BM0051309,BM0051301,BM0051302,No,,2800891,2800892,2800883,,2800901,2800902,2800893,1,,,,,,2800911,2800912,2800903,No,
BMW,X6,,2014,BM05511509,BM05511501,BM05511502,,BM05521509,BM05521501,BM05521502,1,,--,--,--,,BM0551309,BM0551301,BM0551302,Yes,"w/o cargo system, Fits behind 2nd row, folds for use of 3rd row",2800951,2800952,2800943,,2800961,2800962,2800953,1,,,,,,2800971,2800972,2800963,Yes,"w/o cargo system, Fits behind 2nd row, folds for use of 3rd row"
BMW,X6,,07-13,BM01011509,BM01011501,BM01011502,,BM01021509,BM01021501,BM01021502,1,,--,--,--,,BM0211309,BM0211301,BM0211302,Yes,"Fits behind 2nd row, folds for use of 3rd row",2800921,2800922,2800913,,2800931,2800932,2800923,1,,,,,,2800941,2800942,2800933,Yes,"Fits behind 2nd row, folds for use of 3rd row"
BMW,X6,,00-06,BM00511509,BM00511501,BM00511502,,BM00521509,BM00521501,BM00521502,1,,--,--,--,,BM0051309,BM0051301,BM0051302,No,,2800891,2800892,2800883,,2800901,2800902,2800893,1,,,,,,2800911,2800912,2800903,No,
BUICK,ENCLAVE,,08-14,CH01911509,CH01911501,CH01911502,,CH01921509,CH01921501,CH01921502,1,Bench seat only,--,--,--,,BC0081309,BC0081301,BC0081302,No,"w/o 3rd row seats, fits behind 2nd row",2800401,2800402,2800393,,2800411,2800412,2800403,1,Bench seat only,,,,,2800441,2800442,2800433,No,"w/o 3rd row seats, fits behind 2nd row"
BUICK,ENCLAVE,,08-14,CH01911509,CH01911501,CH01911502,,BC00821509,BC00821501,BC00821502,1,Bucket seats only,BC00831509,BC00831501,BC00831502,,CH0191309,CH0191301,CH0191302,No,"w/ 3rd row seats, fits behind 3rd row",2800401,2800402,2800393,,2800421,2800422,2800413,1,Bucket seats only,2800431,2800432,2800423,,2801361,2801362,2801353,No,"w/ 3rd row seats, fits behind 3rd row"
BUICK,ENCORE,,13-14,BC01611509,BC01611501,BC01611502,,BC01621509,BC01621501,BC01621502,1,,--,--,--,,BC0161309,BC0161301,BC0161302,Yes,,2800451,2800452,2800443,,2800461,2800462,2800453,1,,,,,,2800471,2800472,2800463,Yes,
BUICK,LACROSSE,,10-14,BC00611509,BC00611501,BC00611502,,BC00721509,BC00721501,BC00721502,2,,--,--,--,,BC0071309,BC0071301,BC0071302,No,,2800511,2800512,2800503,,2800521,2800522,2800513,2,,,,,,2800531,2800532,2800523,No,
BUICK,LACROSSE,,05-09,BC00211509,BC00211501,BC00211502,,BC00221509,BC00221501,BC00221502,2,,--,--,--,,BC0021309,BC0021301,BC0021302,No,,2800481,2800482,2800473,,2800491,2800492,2800483,2,,,,,,2800501,2800502,2800493,No,
BUICK,LUCERNE,,06-11,BC01111509,BC01111501,BC01111502,,BC01121509,BC01121501,BC01121502,2,,--,--,--,,BC0111309,BC0111301,BC0111302,Yes,,2800541,2800542,2800533,,2800551,2800552,2800543,2,,,,,,2800561,2800562,2800553,Yes,
BUICK,REGAL,,11-14,BC00611509,BC00611501,BC00611502,,BC00621509,BC00621501,BC00621502,2,,--,--,--,,BC0061309,BC0061301,BC0061302,No,,2800511,2800512,2800503,,2800571,2800572,2800563,2,,,,,,2800581,2800582,2800573,No,
BUICK,VERANO,,12-14,BC01511509,BC01511501,BC01511502,,BC01521509,BC01521501,BC01521502,--,,--,--,--,,--,--,--,--,,2800591,2800592,2800583,,2800601,2800602,2800593,--,,,,,,,,,--,
CADILLAC,ATS,"Sedan, Automatic Transmission",13-14,CD00611509,CD00611501,CD00611502,,CD00621509,CD00621501,CD00621502,1,,--,--,--,,CD0061309,CD0061301,CD0061302,Yes,,2801131,2801132,2801123,,2801141,2801142,2801133,1,,,,,,2801151,2801152,2801143,Yes,
CADILLAC,CTS,Sedan,2014,CD01011509,CD01011501,CD01011502,,CD01021509,CD01021501,CD01021502,1,,--,--,--,,CD0101309,CD0101301,CD0101302,Yes,,2807602,2807600,2807601,,2807608,2807606,2807607,1,,,,,,2807605,2807603,2807604,Yes,
CADILLAC,CTS,Sedan,09-13,CD00411509,CD00411501,CD00411502,,CD00421509,CD00421501,CD00421502,1,,--,--,--,,CD0071309,CD0071301,CD0071302,Yes,,2801081,2801082,2801073,,2801091,2801092,2801083,1,,,,,,2801121,2801122,2801113,Yes,
CADILLAC,ESCALADE,ESV,07-14,CD01211509,CD01211501,CD01211502,,CD01221509,CD01221501,CD01221502,1,,--,--,--,,--,--,--,--,,2809181,2809207,2809233,,2809182,2809208,2809234,1,,,,,,,,,--,
CADILLAC,SRX,,10-14,CD00211509,CD00211501,CD00211502,,CD00221509,CD00221501,CD00221502,1,,--,--,--,,CD0021309,CD0021301,CD0021302,Yes,,2801051,2801052,2801043,,2801061,2801062,2801053,1,,,,,,2801071,2801072,2801063,Yes,
CHEVROLET/GMC,ACADIA,w/ 2nd row bench seat,08-14,CH01911509,CH01911501,CH01911502,,CH01921509,CH01921501,CH01921502,1,,--,--,--,,--,--,--,--,,2800401,2800402,2800393,,2800411,2800412,2800403,1,,,,,,,,,--,
CHEVROLET/GMC,ACADIA,w/ 2nd row bucket seats,08-14,CH01911509,CH01911501,CH01911502,,BC00821509,BC00821501,BC00821502,1,,BC00831509,BC00831501,BC00831502,,,,,,,2800401,2800402,2800393,,2800421,2800422,2800413,1,,2800431,2800432,2800423,,,,,,
CHEVROLET/GMC,AVEO,,07-11,CH00811509,CH00811501,CH00811502,,CH00821509,CH00821501,CH00821502,2,,--,--,--,,--,--,--,--,,2801371,2801372,2801363,,2801381,2801382,2801373,2,,,,,,,,,--,
CHEVROLET/GMC,CAMARO,,10-14,CH01711509,CH01711501,CH01711502,,CH01721509,CH01721501,CH01721502,2,,--,--,--,,CH0171309,CH0171301,CH0171302,Yes,,2801161,2801162,2801153,,2801171,2801172,2801163,2,,,,,,2801181,2801182,2801173,Yes,
CHEVROLET/GMC,COLORADO/CANYON,Crew Cab,04-14,CH02711509,CH02711501,CH02711502,,CH02721509,CH02721501,CH02721502,1,,--,--,--,,--,--,--,--,,2801221,2801222,2801213,,2801231,2801232,2801223,1,,,,,,,,,--,
CHEVROLET/GMC,CRUZE,,11-14,CH01011509,CH01011501,CH01011502,,CH01021509,CH01021501,CH01021502,2,,--,--,--,,--,--,--,--,,2801421,2801422,2801413,,2801431,2801432,2801423,2,,,,,,,,,--,
CHEVROLET/GMC,EQUINOX,,10-14,CH01411509,CH01411501,CH01411502,,CH01421509,CH01421501,CH01421502,1,,--,--,--,,CH0141309,CH0141301,CH0141302,No,,2801191,2801192,2801183,,2801201,2801202,2801193,1,,,,,,2801211,2801212,2801203,No,
CHEVROLET/GMC,HHR,,06-11,CH02111509,CH02111501,CH02111502,,CH02121509,CH02121501,CH02121502,2,,--,--,--,,CH0211309,CH0211301,CH0211302,Yes,,2801391,2801392,2801383,,2801401,2801402,2801393,2,,,,,,2801411,2801412,2801403,Yes,
CHEVROLET/GMC,IMPALA,Except Eco,2014,CH04211509,CH04211501,CH04211502,,CH04221509,CH04221501,CH04221502,2,,--,--,--,,CH0421309,CH0421301,CH0421302,Yes,,2801481,2801482,2801473,,2801491,2801492,2801483,2,,,,,,2801501,2801502,2801493,Yes,
CHEVROLET/GMC,IMPALA,Except Eco,06-13,CH00211509,CH00211501,CH00211502,,CH00221509,CH00221501,CH00221502,2,,--,--,--,,--,--,--,--,,2801461,2801462,2801453,,2801471,2801472,2801463,2,,,,,,,,,--,
CHEVROLET/GMC,MALIBU,,08-12,CH02311509,CH02311501,CH02311502,,CH02321509,CH02321501,CH02321502,2,,--,--,--,,--,--,--,--,,2801511,2801512,2801503,,2801521,2801522,2801513,2,,,,,,,,,--,
CHEVROLET/GMC,ORLANDO,,11-14,CH03811509,CH03811501,CH03811502,,CH03821509,CH03821501,CH03821502,--,,--,--,--,,--,--,--,--,,2801531,2801532,2801523,,2801541,2801542,2801533,--,,,,,,,,,--,
CHEVROLET/GMC,SILVERADO 1500,Regular Cab,07-13,CH03411509,CH03411501,CH03411502,,--,--,--,--,,--,--,--,,--,--,--,--,,2801271,2801272,2801263,,,,,--,,,,,,,,,--,
CHEVROLET/GMC,SILVERADO 1500,"Extended Cab, Automatic Transmission",2014,CH03911509,CH03911501,CH03911502,,CH03921509,CH03921501,CH03921502,1,,--,--,--,,--,--,--,--,,2801281,2801282,2801273,,2801291,2801292,2801283,1,,,,,,,,,--,
CHEVROLET/GMC,SILVERADO 1500,"Extended Cab, Automatic Transmission",07-13,CH02811509,CH02811501,CH02811502,,CH02821509,CH02821501,CH02821502,1,,--,--,--,,--,--,--,--,,2801241,2801242,2801233,,2801261,2801262,2801253,1,,,,,,,,,--,
CHEVROLET/GMC,SILVERADO 1500,"Crew Cab, Automatic Transmission",2014,CH03911509,CH03911501,CH03911502,,CH04021509,CH04021501,CH04021502,1,,--,--,--,,--,--,--,--,,2801281,2801282,2801273,,2801301,2801302,2801293,1,,,,,,,,,--,
CHEVROLET/GMC,SILVERADO 1500,"Crew Cab, Automatic Transmission",07-13,CH02811509,CH02811501,CH02811502,,CH01821509,CH01821501,CH01821502,1,,--,--,--,,--,--,--,--,,2801241,2801242,2801233,,2801251,2801252,2801243,1,,,,,,,,,--,
CHEVROLET/GMC,SILVERADO 2500/3500,Regular Cab,07-13,CH03411509,CH03411501,CH03411502,,--,--,--,--,,--,--,--,,--,--,--,--,,2801271,2801272,2801263,,,,,--,,,,,,,,,--,
CHEVROLET/GMC,SILVERADO 2500/3500,"Extended Cab, Automatic Transmission",07-14,CH02811509,CH02811501,CH02811502,,CH02821509,CH02821501,CH02821502,1,,--,--,--,,--,--,--,--,,2801241,2801242,2801233,,2801261,2801262,2801253,1,,,,,,,,,--,
CHEVROLET/GMC,SILVERADO 2500/3500,"Crew Cab, Automatic Transmission",07-14,CH02811509,CH02811501,CH02811502,,CH01821509,CH01821501,CH01821502,1,,--,--,--,,--,--,--,--,,2801241,2801242,2801233,,2801251,2801252,2801243,1,,,,,,,,,--,
CHEVROLET/GMC,SONIC,,12-14,CH02911509,CH02911501,CH02911502,,CH02921509,CH02921501,CH02921502,1,,--,--,--,,--,--,--,--,,2801441,2801442,2801433,,2801451,2801452,2801443,1,,,,,,,,,--,
CHEVROLET/GMC,SUBURBAN,w/ 2nd row bench seat,07-14,CH02211509,CH02211501,CH02211502,,CH02221509,CH02221501,CH02221502,1,,--,--,--,,CH0221309,CH0221301,CH0221302,No,,2801311,2801312,2801303,,2801321,2801322,2801313,1,,,,,,2801331,2801332,2801323,No,
CHEVROLET/GMC,SUBURBAN,cargo behind 3rd row ,2015,,,,,,,,,,,,,,,,,,,,,,,,,,,,,,,,,,,,
CHEVROLET/GMC,SUBURBAN,,2015,CH05811509,CH0581501,CH05811502,,CH05821509,CH05821501,CH05821502,,,,,,,,,,,,2809183,,2809235,,2809184,2809210,2809236,,,,,,,,,,,
CHEVROLET/GMC,SUBURBAN,CARGO BEHIND 2ND ROW ,2015,,,,,,,,,,,,,,CH0581309,CH0581301,CH0581302,YES,,,,,,,,,,,,,,,2809185,2809211,2809237,YES,
CHEVROLET/GMC,SUBURBAN,CARGO BEHIND 3RD ROW ,2015,,,,,,,,,,,,,,CH0591309,CH0591301,CH0591302,YES,,,,,,,,,,,,,,,2809186,2809212,2809238,YES,
CHEVROLET/GMC,TAHOE,w/o 3rd row seats,07-14,CH02411509,CH02411501,CH02411502,,CH02421509,CH02421501,CH02421502,1,,--,--,--,,--,--,--,--,,2801341,2801342,2801333,,2801351,2801352,2801343,1,,,,,,,,,--,
CHEVROLET/GMC,TERRAIN,,10-14,CH01411509,CH01411501,CH01411502,,CH01421509,CH01421501,CH01421502,1,,--,--,--,,CH0141309,CH0141301,CH0141302,No,,2801191,2801192,2801183,,2801201,2801202,2801193,1,,,,,,2801211,2801212,2801203,No,
CHEVROLET/GMC,TRAVERSE,w/ 2nd row bench seat,08-14,CH01911509,CH01911501,CH01911502,,CH01921509,CH01921501,CH01921502,1,,--,--,--,,CH0191309,CH0191301,CH0191302,No,,2800401,2800402,2800393,,2800411,2800412,2800403,1,,,,,,2801361,2801362,2801353,No,
CHEVROLET/GMC,TRAVERSE,w/ 2nd row bucket seats,08-14,CH01911509,CH01911501,CH01911502,,BC00821509,BC00821501,BC00821502,1,,BC00831509,BC00831501,BC00831502,,CH0191309,CH0191301,CH0191302,No,,2800401,2800402,2800393,,2800421,2800422,2800413,1,,2800431,2800432,2800423,,2801361,2801362,2801353,No,
CHEVROLET/GMC,YUKON,w/o 3rd row seats,07-14,CH02411509,CH02411501,CH02411502,,CH02421509,CH02421501,CH02421502,1,,--,--,--,,--,--,--,--,,2801341,2801342,2801333,,2801351,2801352,2801343,1,,,,,,,,,--,
CHEVROLET/GMC,YUKON XL,w/ 2nd row bench seat,07-14,CH02211509,CH02211501,CH02211502,,CH02221509,CH02221501,CH02221502,1,,--,--,--,,CH0221309,CH0221301,CH0221302,No,,2801311,2801312,2801303,,2801321,2801322,2801313,1,,,,,,2801331,2801332,2801323,No,
CHEVROLET/GMC,YUKON XL,cargo behind 3rd row ,2015,,,,,,,,,,,,,,,,,,,,,,,,,,,,,,,,,,,,
CHEVROLET/GMC,YUKON XL,,2015,CH05811509,CH0581501,CH05811502,,CH05821509,CH05821501,CH05821502,,,,,,,,,,,,2809183,,2809235,,2809184,2809210,2809236,,,,,,,,,,,
CHEVROLET/GMC,YUKON XL,CARGO BEHIND 2ND ROW ,2015,,,,,,,,,,,,,,CH0581309,CH0581301,CH0581302,YES,,,,,,,,,,,,,,,2809185,2809211,2809237,YES,
CHEVROLET/GMC,YUKON XL,CARGO BEHIND 3RD ROW ,2015,,,,,,,,,,,,,,CH0591309,CH0591301,CH0591302,YES,,,,,,,,,,,,,,,2809186,2809212,2809238,YES,
CHRYSLER,300,,11-14,DG01411509,DG01411501,DG01411502,,DG01421509,DG01421501,DG01421502,--,,--,--,--,,--,--,--,--,,2801581,2801582,2801573,,2801591,2801592,2801583,--,,,,,,,,,--,
CHRYSLER,300C,,11-14,DG01411509,DG01411501,DG01411502,,DG01421509,DG01421501,DG01421502,--,,--,--,--,,--,--,--,--,,2801581,2801582,2801573,,2801591,2801592,2801583,--,,,,,,,,,--,
DODGE/RAM,CHALLENGER,,08-14,DG00111509,DG00111501,DG00111502,,DG00121509,DG00121501,DG00121502,2,,--,--,--,,DG0011309,DG0011301,DG0011302,Yes,,2801551,2801552,2801543,,2801561,2801562,2801553,2,,,,,,2801571,2801572,2801563,Yes,
DODGE/RAM,CHARGER,,11-14,DG01411509,DG01411501,DG01411502,,DG01421509,DG01421501,DG01421502,--,,--,--,--,,--,--,--,--,,2801581,2801582,2801573,,2801591,2801592,2801583,--,,,,,,,,,--,
DODGE/RAM,DURANGO,w/ 3rd row seats cargo behind 3rd roww/ 3rd row seats cargo behind 3rd roww/ 3rd row seats cargo behind 3rd row,13-14,JP00511509,JP00511501,JP00511502,,JP00421509,JP00421501,JP00421502,1,,--,--,--,,DG0061309,DG0061301,DG0061302,No,,2801731,2801732,2801723,,2801751,2801752,2801743,1,,,,,,2801771,2801772,2801763,No,
DODGE/RAM,DURANGO, cargo behind 3rd row,11-12,JP00411509,JP00411501,JP00411502,,JP00421509,JP00421501,JP00421502,1,,--,--,--,,DG0061309,DG0061301,DG0061302,No,,2801741,2801742,2801733,,2801751,2801752,2801743,1,,,,,,2801771,2801772,2801763,No,
DODGE/RAM,DURANGO,w/o 3rd row seats (BEHIND 2ND SEAT FOLDABLE),13-14,JP00511509,JP00511501,JP00511502,,JP00421509,JP00421501,JP00421502,1,,--,--,--,,DG0071309,DG0071301,DG0071302,Yes,,2801731,2801732,2801723,,2801751,2801752,2801743,1,,,,,,2801761,2801762,2801753,Yes,
DODGE/RAM,DURANGO,(BEHIND 2ND SEAT FOLDABLE),11-12,JP00411509,JP00411501,JP00411502,,JP00421509,JP00421501,JP00421502,1,,--,--,--,,DG0071309,DG0071301,DG0071302,Yes,,2801741,2801742,2801733,,2801751,2801752,2801743,1,,,,,,2801761,2801762,2801753,Yes,
DODGE/RAM,GRAND CARAVAN,w/ Stow'n Go,09-14,DG00211509,DG00211501,DG00211502,,DG00221509,DG00221501,DG00221502,1,,--,--,--,,--,--,--,--,,2801601,2801602,2801593,,2801611,2801612,2801603,1,,,,,,,,,--,
DODGE/RAM,JOURNEY,(DUAL POST,12-14,DG01211509,DG01211501,DG01511502,,DG00521509,DG00521501,DG00521502,1,,--,--,--,,DG0051309,DG0051301,DG0051302,Yes,,2801701,2801702,2801693,,2801711,2801712,2801703,1,,,,,,2801721,2801722,2801713,Yes,
DODGE/RAM,JOURNEY,(SINGLE POST),09-11,DG00511509,DG00511501,DG00511502,,DG00521509,DG00521501,DG00521502,--,,--,--,--,,DG0051309,DG0051301,DG0051302,Yes,,2801691,2801692,2801683,,2801711,2801712,2801703,--,,,,,,2801721,2801722,2801713,Yes,
DODGE/RAM,RAM 1500,Regular Cab,09-14,DG00811509,DG00811501,DG00811502,,--,--,--,--,,--,--,--,,--,--,--,--,,2801671,2801672,2801663,,,,,--,,,,,,,,,--,
DODGE/RAM,RAM 1500,Extended Cab (DUAL POST)Extended Cab (DUAL POST),12-14,DG00811509,DG00811501,DG00811502,,DG00421509,DG00421501,DG00421502,1,,--,--,--,,--,--,--,--,,2801671,2801672,2801663,,2801661,2801662,2801653,1,,,,,,,,,--,
DODGE/RAM,RAM 1500,(SINGLE POST),09-11,DG00411509,DG00411501,DG00411502,,DG00421509,DG00421501,DG00421502,1,,--,--,--,,--,--,--,--,,2801651,2801652,2801643,,2801661,2801662,2801653,1,,,,,,,,,--,
DODGE/RAM,RAM 1500,Crew Cab (DUAL POST)Crew Cab (DUAL POST),12-14,DG01311509,DG01311501,DG01311502,,DG00321509,DG00321501,DG00321502,1,,--,--,--,,--,--,--,--,,2801641,2801642,2801633,,2801631,2801632,2801623,1,,,,,,,,,--,
DODGE/RAM,RAM 1500,(SINGLE POST),09-11,DG00311509,DG00311501,DG00311502,,DG00321509,DG00321501,DG00321502,1,,--,--,--,,--,--,--,--,,2801621,2801622,2801613,,2801631,2801632,2801623,1,,,,,,,,,--,
DODGE/RAM,RAM 1500,"Mega Cab, Except vinyl floor  (DUAL POST)Mega Cab, Except vinyl floor  (DUAL POST)",12-14,DG01311509,DG01311501,DG01311502,,DG01021509,DG01021501,DG01021502,1,,--,--,--,,--,--,--,--,,2801641,2801642,2801633,,2801681,2801682,2801673,1,,,,,,,,,--,
DODGE/RAM,RAM 1500,(SINGLE POST),10-11,DG00311509,DG00311501,DG00311502,,DG01021509,DG01021501,DG01021502,1,,--,--,--,,--,--,--,--,,2801621,2801622,2801613,,2801681,2801682,2801673,1,,,,,,,,,--,
DODGE/RAM,RAM 2500/3500,Crew Cab (DUAL POST)Crew Cab (DUAL POST),12-14,DG01311509,DG01311501,DG01311502,,DG00321509,DG00321501,DG00321502,1,,--,--,--,,--,--,--,--,,2801641,2801642,2801633,,2801631,2801632,2801623,1,,,,,,,,,--,
DODGE/RAM,RAM 2500/3500,(SINGLE POST),09-11,DG00311509,DG00311501,DG00311502,,DG00321509,DG00321501,DG00321502,1,,--,--,--,,--,--,--,--,,2801621,2801622,2801613,,2801631,2801632,2801623,1,,,,,,,,,--,
DODGE/RAM,RAM 2500/3500,"Mega Cab, Except vinyl floor (DUAL POST)Mega Cab, Except vinyl floor (DUAL POST)",12-14,DG01311509,DG01311501,DG01311502,,DG01021509,DG01021501,DG01021502,1,,--,--,--,,--,--,--,--,,2801641,2801642,2801633,,2801681,2801682,2801673,1,,,,,,,,,--,
DODGE/RAM,RAM 2500/3500,(SINGLE POST),10-11,DG00311509,DG00311501,DG00311502,,DG01021509,DG01021501,DG01021502,1,,--,--,--,,--,--,--,--,,2801621,2801622,2801613,,2801681,2801682,2801673,1,,,,,,,,,--,
FIAT,500,(BEHIND 2ND SEAT ,12-14,FI00111509,--,--,,FI00121509,--,--,2,,--,--,--,,FI0011309,--,--,NO,,2801781,,,,2801791,,,2,,,,,,2801801,,,NO,
FIAT,500L,,13-14,FI00411509,--,--,,FI00421509,--,--,1,,--,--,--,,--,--,--,--,,2801811,,,,2801821,,,1,,,,,,,,,--,
FORD,EDGE,,07-14,FR02011509,FR02011501,FR02011502,,FR02021509,FR02021501,FR02021502,1,,--,--,--,,FR0201309,FR0201301,FR0201302,Yes,,2801831,2801782,2801773,,2801841,2801792,2801783,1,,,,,,2801851,2801802,2801793,Yes,
FORD,ESCAPE,(DUAL POST),13-14,FR05611509,FR05611501,FR05611502,,FR05621509,FR05621501,FR05621502,1,,--,--,--,,FR0561309,FR0561301,FR0561302,Yes,,2801901,2801852,2801843,,2801911,2801862,2801853,1,,,,,,2801921,2801872,2801863,Yes,
FORD,ESCAPE,(DUAL POST),11-12,FR03711509,FR03711501,FR03711502,,FR03721509,FR03721501,FR03721502,1,,--,--,--,,--,--,--,--,,2801881,2801832,2801823,,2801891,2801842,2801833,1,,,,,,,,,--,
FORD,ESCAPE,(SINGLE POST),08-10,FR02811509,FR02811501,FR02811502,,FR02821509,FR02821501,FR02821502,1,,--,--,--,,--,--,--,--,,2801861,2801812,2801803,,2801871,2801822,2801813,1,,,,,,,,,--,
FORD,EXPEDITION,,11-14,FR07711509,FR07711501,FR07711502,,FR07621509,FR07621501,FR07621502,1,,--,--,--,,--,--,--,--,,2802021,2801972,2801963,,2802011,2801962,2801973,1,,,,,,,,,--,
FORD,EXPEDITION,,07-10,FR07611509,FR07611501,FR07611502,,FR07621509,FR07621501,FR06121502,1,,--,--,--,,--,--,--,--,,2802001,2801952,2801943,,2802011,2801962,2801953,1,,,,,,,,,--,
FORD,EXPLORER,w/ 2nd row bucket seats,11-14,FR03611509,FR03611501,FR03611502,,FR07921509,FR07921501,FR07921502,1,,--,--,--,,FR0361309,FR0361301,FR0361302,Yes,,2801961,2801912,2801903,,2801981,2801932,2801923,1,,,,,,2801991,2801942,2801933,Yes,
FORD,EXPLORER,w/ 2nd row bench seat(BEHIND 2ND SEAT FOLDABLE),11-14,FR03611509,FR03611501,FR03611502,,FR03621509,FR03621501,FR03621502,1,,--,--,--,,FR0361309,FR0361301,FR0361302,Yes,,2801961,2801912,2801903,,2801971,2801922,2801913,1,,,,,,2801991,2801942,2801933,Yes,
FORD,EXPLORER,(BEHIND 2ND SEAT FOLDABLE),06-10,FR03511509,FR03511501,FR03511502,,FR03521509,FR03521501,FR03521502,1,,--,--,--,,FR0351309,FR0351301,FR0351302,Yes,,2801931,2801882,2801873,,2801941,2801892,2801883,1,,,,,,2801951,2801902,2801893,Yes,
FORD,F-150,"Regular Cab, Except 4WD Manual Floor Shift (Single Hook)",09-14,FR03011509,FR03011501,FR03011502,,--,--,--,--,,--,--,--,,--,--,--,--,,2802031,2801982,2801983,,,,,--,,,,,,,,,--,
FORD,F-150,"Regular Cab, Except 4WD Manual Floor Shift (Dual Hooks)",09-14,FR03911509,FR03911501,FR03911502,,--,--,--,--,,--,--,--,,--,--,--,--,,2802061,2802012,2802013,,,,,--,,,,,,,,,--,
FORD,F-150,Extended Cab,2015,FR08311509,FR08311501,FR08311502,,--,--,--,--,,--,--,--,,--,--,--,--,,2809187,2809213,2809239,,,,,--,,,,,,,,,--,
FORD,F-150,"Extended Cab, Except 4WD Manual Floor Shift (Single Hooks)",09-14,FR03011509,FR03011501,FR03011502,,FR03121509,FR03121501,FR03121502,1,,--,--,--,,--,--,--,--,,2802031,2801982,2801983,,2802051,2802002,2802003,1,,,,,,,,,--,
FORD,F-150,"Extended Cab, Except 4WD Manual Floor Shift (Dual Hooks)",09-14,FR03911509,FR03911501,FR03911502,,FR03121509,FR03121501,FR03121502,1,,--,--,--,,--,--,--,--,,2802061,2802012,2802013,,2802051,2802002,2802003,1,,,,,,,,,--,
FORD,F-150,Crew Cab,2015,FR08311509,FR08311501,FR08311502,,FR08321509,FR08321051,FR08321502,1,,--,--,--,,--,--,--,--,,2809187,2809213,2809239,,2809188,2809214,2809240,1,,,,,,,,,--,
FORD,F-150,"Crew Cab, Except 4WD Manual Floor Shift (Single Hook)",09-14,FR03011509,FR03011501,FR03011502,,FR03021509,FR03021501,FR03021502,1,,--,--,--,,--,--,--,--,,2802031,2801982,2801983,,2802041,2801992,2801993,1,,,,,,,,,--,
FORD,F-150,"Crew Cab, Except 4WD Manual Floor Shift(Dual Hooks)",09-14,FR03911509,FR03911501,FR03911502,,FR03021509,FR03021501,FR03021502,1,,--,--,--,,--,--,--,--,,2802061,2802012,2802013,,2802041,2801992,2801993,1,,,,,,,,,--,
FORD,F-250 SUPER DUTY,Regular Cab,11-14,FR02311509,FR02311501,FR02311502,,--,--,--,--,,--,--,--,,--,--,--,--,,2802071,2802022,2802023,,,,,--,,,,,,,,,--,
FORD,F-250 SUPER DUTY,Crew Cab,11-14,FR03211509,FR03211501,FR03211502,Depressed front left corner,FR03221509,FR03221501,FR03221502,1,,--,--,--,,--,--,--,--,,2802081,2802032,2802033,Depressed front left corner,2802091,2802042,2802043,1,,,,,,,,,--,
FORD,F-350 SUPER DUTY,Regular Cab,11-14,FR02311509,FR02311501,FR02311502,,--,--,--,--,,--,--,--,,--,--,--,--,,2802071,2802022,2802023,,,,,--,,,,,,,,,--,
FORD,F-350 SUPER DUTY,Crew Cab,11-14,FR03211509,FR03211501,FR03211502,Depressed front left corner,FR03221509,FR03221501,FR03221502,1,,--,--,--,,--,--,--,--,,2802081,2802032,2802033,Depressed front left corner,2802091,2802042,2802043,1,,,,,,,,,--,
FORD,F-450 SUPER DUTY,Regular Cab,11-14,FR02311509,FR02311501,FR02311502,,--,--,--,--,,--,--,--,,--,--,--,--,,2802071,2802022,2802023,,,,,--,,,,,,,,,--,
FORD,F-450 SUPER DUTY,Crew Cab,11-14,FR03211509,FR03211501,FR03211502,Depressed front left corner,FR03221509,FR03221501,FR03221502,1,,--,--,--,,--,--,--,--,,2802081,2802032,2802033,Depressed front left corner,2802091,2802042,2802043,1,,,,,,,,,--,
FORD,FIESTA,,11-14,FR01211509,FR01211501,FR01211502,,FR01221509,FR01221501,FR01221502,2,,--,--,--,,FR0121309,FR0121301,FR0121302,Yes,,2802101,2802052,2802053,,2802111,2802062,2802063,2,,,,,,2802121,2802072,2802073,Yes,
FORD,FLEX,w/ 6 seats  behind 3rd row (DUAL POST),10-14,FR02111509,FR02111501,FR02111502,Dual Post,FR05121509,FR05121501,FR05121502,1,,--,--,--,,FR0211309,FR0211301,FR0211302,Yes,,2802131,2802082,2802083,Dual Post,2802151,2802102,2802103,1,,,,,,2802161,2802112,2802113,Yes,
FORD,FLEX,w/ 7 seats  behind 3rd row (DUAL POST),10-14,FR02111509,FR02111501,FR02111502,Dual Post,FR02121509,FR02121501,FR02121502,1,,--,--,--,,FR0211309,FR0211301,FR0211302,Yes,,2802131,2802082,2802083,Dual Post,2802141,2802092,2802093,1,,,,,,2802161,2802112,2802113,Yes,
FORD,FOCUS,(DUAL POST),12-14,FR02911509,FR02911501,FR02911502,Dual Post,FR02921509,FR02921501,FR02921502,1,,--,--,--,,FR0291309,FR0291301,FR0291302,Yes,,2802311,2802262,2802263,Dual Post,2802321,2802272,2802273,1,,,,,,2802331,2802282,2802283,Yes,
FORD,FOCUS,w/o Subwoofer  (SINGLE POST),08-11,FR01611509,FR01611501,FR01611502,Single Post,FR01621509,FR01621501,FR01621502,2,,--,--,--,,FR0161309,FR0161301,FR0161302,Yes,,2802281,2802232,2802233,Single Post,2802291,2802242,2802243,2,,,,,,2802301,2802252,2802253,Yes,
FORD,FUSION,Except Hybrid,13-14,FR06011509,FR06011501,FR06011502,,FR06021509,FR06021501,FR06021502,1,,--,--,--,,FR0601309,FR0601301,FR0601302,Yes,,2802191,2802142,2802143,,2802201,2802152,2802153,1,,,,,,2802211,2802162,2802163,Yes,
FORD,FUSION,FWD,10-12,FR01311509,FR01311501,FR01311502,,FR01321509,FR01321501,FR01321502,1,,--,--,--,,--,--,--,--,,2802171,2802122,2802123,,2802181,2802132,2802133,1,,,,,,,,,--,
FORD,MUSTANG,(DUAL POST),05-09,FR02211509,FR02211501,FR02211502,,FR02221509,FR02221501,FR02221502,2,,--,--,--,,--,--,--,--,,2802251,2802202,2802203,,2802261,2802212,2802213,2,,,,,,,,,--,
FORD,RANGER,XLT Extended Cab,98-14,FR02611509,FR02611501,FR02611502,,--,--,--,--,,--,--,--,,--,--,--,--,,2802241,2802192,2802193,,,,,--,,,,,,,,,--,
FORD,TAURUS,(DUAL POST),10-14,FR01811509,FR01811501,FR01811502,,FR01821509,FR01821501,FR01821502,2,,--,--,--,,--,--,--,--,,2802221,2802172,2802173,,2802231,2802182,2802183,2,,,,,,,,,--,
HONDA,ACCORD,Coupe,13-14,HD04811509,HD04811501,HD04811502,,HD04921509,HD04921501,HD04921502,1,,--,--,--,,HD0481309,HD0481301,HD0481302,Yes,,2802391,2802342,2802343,,2802411,2802362,2802363,1,,,,,,2802421,2802372,2802373,Yes,
HONDA,ACCORD,Coupe,08-12,HD00811509,HD00811501,HD00811502,,HD03721509,HD03721501,HD03721502,2,,--,--,--,,--,--,--,--,,2802341,2802292,2802293,,2802371,2802322,2802323,2,,,,,,,,,--,
HONDA,ACCORD,Sedan,13-14,HD04811509,HD04811501,HD04811502,,HD04821509,HD04821501,HD04821502,1,,--,--,--,,HD0481309,HD0481301,HD0481302,Yes,,2802391,2802342,2802343,,2802401,2802352,2802353,1,,,,,,2802421,2802372,2802373,Yes,
HONDA,ACCORD,Sedan,08-12,HD00811509,HD00811501,HD00811502,,HD00821509,HD00821501,HD00821502,2,,--,--,--,,HD0081309,HD0081301,HD0081302,No,,2802341,2802292,2802293,,2802351,2802302,2802303,2,,,,,,2802361,2802312,2802313,No,
HONDA,ACCORD CROSSTOUR,,10-14,--,--,--,,--,--,--,--,,--,--,--,,HD0281309,HD0281301,HD0281302,Yes,,,,,,,,,--,,,,,,2802381,2802332,2802333,Yes,
HONDA,CIVIC,Coupe,2014,HD06311509,HD06311501,HD06311502,,HD04521509,HD04521501,HD04521502,1,,--,,,,--,,,--,,2809189,2809215,2809241,,2802501,2802452,2802453,1,,,,,,,,,--,
HONDA,CIVIC,Coupe,12-13,HD04111509,HD04111501,HD04111502,,HD04521509,HD04521501,HD04521502,1,,--,--,--,,--,--,--,--,,2802471,2802422,2802423,,2802501,2802452,2802453,1,,,,,,,,,--,
HONDA,CIVIC,Coupe,06-11,HD01211509,HD01211501,HD01211502,,HD03621509,HD03621501,HD03621502,1,,--,--,--,,--,--,--,--,,2802431,2802382,2802383,,2802461,2802412,2802413,1,,,,,,,,,--,
HONDA,CIVIC,Sedan,2014,HD06311509,HD06311501,HD06311502,,HD06321509,HD06321501,HD06321502,1,,--,--,--,,--,--,--,--,,2809189,2809215,2809241,,2809190,2809216,2807767,1,,,,,,,,,--,
HONDA,CIVIC,Sedan,12-13,HD04111509,HD04111501,HD04111502,,HD04121509,HD04121501,HD04121502,1,,--,--,--,,HD0411309,HD0411301,HD0411302,Yes,,2802471,2802422,2802423,,2802481,2802432,2802433,1,,,,,,2802491,2802442,2802443,Yes,
HONDA,CIVIC,Sedan,06-11,HD01211509,HD01211501,HD01211502,,HD01221509,HD01221501,HD01221502,1,,--,--,--,,HD0071309,HD0071301,HD0071302,No,,2802431,2802382,2802383,,2802441,2802392,2802393,1,,,,,,2802451,2802402,2802403,No,
HONDA,CR-V,,12-14,HD04311509,HD04311501,HD04311502,,HD04321509,HD04321501,HD04321502,1,,--,--,--,,HD0431309,HD0431301,HD0431302,Yes,,2802541,2802492,2802493,,2802551,2802502,2802503,1,,,,,,2802561,2802512,2802513,Yes,
HONDA,CR-V,,07-11,HD00611509,HD00611501,HD00611502,,HD00621509,HD00621501,HD00621502,1,,--,--,--,,HD0131309,HD0131301,HD0131302,Yes,,2802511,2802462,2802463,,2802521,2802472,2802473,1,,,,,,2802531,2802482,2802483,Yes,
HONDA,CRZ,,11-14,HD03511509,HD03511501,HD03511502,,--,--,--,--,,--,--,--,,HD0351309,HD0351301,HD0351302,No,,2802571,2802522,2802523,,,,,--,,,,,,2802581,2802532,2802533,No,
HONDA,FIT,,2015,HD05511509,HD05511501,HD05511502,,HD05521509,HD05521501,HD05521502,1,,--,--,--,,--,--,--,--,,2809191,2809217,2809242,,2809192,2809218,2809243,1,,,,,,,,,--,
HONDA,FIT,,09-14,HD04211509,HD04211501,HD04211502,,HD04221509,HD04221501,HD04221502,1,,--,--,--,,--,--,--,--,,2802591,2802542,2802543,,2802601,2802552,2802553,1,,,,,,,,,--,
HONDA,INSIGHT,,10-14,HD02311509,HD02311501,HD02311502,,HD02321509,HD02321501,HD02321502,1,,--,--,--,,--,--,--,--,,2802611,2802562,2802563,,2802621,2802572,2802573,1,,,,,,,,,--,
HONDA,ODYSSEY,EX,11-14,HD03811509,HD03811501,HD03811502,,HD03821509,HD03821501,HD03821502,1,Covers 2nd & 3rd row,--,--,--,,HD0381309,HD0381301,HD0381302,No,,2802631,2802582,2802583,,2802641,2802592,2802593,1,Covers 2nd & 3rd row,,,,,2802651,2802602,2802603,No,
HONDA,PILOT,behind 3rd row ,09-14,HD03311509,HD03311501,HD03311502,,HD03321509,HD03321501,HD03321502,1,,--,--,--,,HD0331309,HD0331301,HD0331302,No,,2802661,2802612,2802613,,2802671,2802622,2802623,1,,,,,,2802681,2802632,2802633,No,
HONDA,PILOT,(BEHIND 2ND SEAT FOLDABLE),09-14,HD03311509,HD03311501,HD03311502,,HD03321509,HD03321501,HD03321502,1,,--,--,--,,HD0571309,HD0571301,HD0571302,Yes,,2802661,2802612,2802613,,2802671,2802622,2802623,1,,,,,,2802691,2802642,2802643,Yes,
HONDA,RIDGELINE,,06-14,HD03911509,HD03911501,HD03911502,,HD03921509,HD03921501,HD03921502,2,,--,--,--,,--,--,--,--,,2802701,2802652,2802653,,2802711,2802662,2802663,2,,,,,,,,,--,
HYUNDAI,ACCENT,,12-14,HY02211509,HY02211501,HY02211502,,HY02221509,HY02221501,HY02221502,1,,--,--,--,,--,--,--,--,,2802801,2802752,2802753,,2802811,2802762,2802763,1,,,,,,,,,--,
HYUNDAI,AZERA,,12-14,HY02611509,HY02611501,HY02611502,,HY02621509,HY02621501,HY02621502,1,,--,--,--,,--,--,--,--,,2802821,2802772,2802773,,2802831,2802782,2802783,1,,,,,,,,,--,
HYUNDAI,ELANTRA,Sedan,11-13,HY02111509,HY02111501,HY02111502,,HY02121509,HY02121501,HY02121502,1,,--,--,--,,HY0211309,HY0211301,HY0211302,Yes,,2803031,2802982,2802983,,2803041,2802992,2802993,1,,,,,,2803051,2803002,2803003,Yes,
HYUNDAI,ELANTRA GT,,13-14,HY01811509,HY01811501,HY01811502,,HY01821509,HY01821501,HY01821502,1,,--,--,--,,HY0181309,HY0181301,HY0181302,No,,2803001,2802952,2802953,,2803011,2802962,2802963,1,,,,,,2803021,2802972,2802973,No,
HYUNDAI,GENESIS,Coupe,12-14,HY02311509,HY02311501,HY02311502,,HY02321509,HY02321501,HY02321502,2,,--,--,--,,--,--,--,--,,2802841,2802792,2802793,,2802851,2802802,2802803,2,,,,,,,,,--,
HYUNDAI,SANTA FE,w/ 3rd row seats,13-14,HY01711509,HY01711501,HY01711502,,HY02821509,HY02821501,HY02821502,1,,--,--,--,,--,--,--,--,,2802761,2802712,2802713,,2802781,2802732,2802733,1,,,,,,,,,--,
HYUNDAI,SANTA FE,w/o 3rd row seats,13-14,HY01711509,HY01711501,HY01711502,,HY01721509,HY01721501,HY01721502,1,Dual Post,--,--,--,,HY0171309,HY0171301,HY0171302,Yes,,2802761,2802712,2802713,,2802771,2802722,2802723,1,Dual Post,,,,,2802791,2802742,2802743,Yes,
HYUNDAI,SANTA FE,,10-12,HY04011509,HY04011501,HY04011502,Dual Post,HY04021509,HY04021501,HY04021502,1,,--,--,--,,HY0401309,HY0401301,HY0401302,Yes,,2802731,2802682,2802683,Dual Post,2802741,2802692,2802693,1,,,,,,2802751,2802702,2802703,Yes,
HYUNDAI,SANTA FE,,07-09,HY00511509,HY00511501,HY00511502,Single Post,HY04021509,HY04021501,HY04021502,1,,--,--,--,,HY0401309,HY0401301,HY0401302,Yes,,2802721,2802672,2802673,Single Post,2802741,2802692,2802693,1,,,,,,2802751,2802702,2802703,Yes,
HYUNDAI,SONATA,Except Hybrid,11-14,HY03811509,HY03811501,HY03811502,,HY03821509,HY03821501,HY03821502,1,,--,--,--,,HY0381309,HY0381301,HY0381302,Yes,,2802891,2802842,2802843,,2802901,2802852,2802853,1,,,,,,2802911,2802862,2802863,Yes,
HYUNDAI,TUCSON,,2014,KA02611509,KA02611501,KA02611502,,HY03321509,HY03321501,HY03321502,2,,--,--,--,,HY0331309,HY0331301,HY0331302,Yes,,2807792,2807790,2807791,,2802951,2802902,2802903,2,,,,,,2802961,2802912,2802913,Yes,
HYUNDAI,TUCSON,,10-13,KA00711509,KA00711501,KA00711502,,HY03321509,HY03321501,HY03321502,2,,--,--,--,,HY0331309,HY0331301,HY0331302,Yes,,2803711,2803602,2803603,,2802951,2802902,2802903,2,,,,,,2802961,2802912,2802913,Yes,
HYUNDAI,TUCSON,,05-09,HY00211509,HY00211501,HY00211502,,HY00221509,HY00221501,HY00221502,1,,--,--,--,,--,--,--,--,,2802921,2802872,2802873,,2802931,2802882,2802883,1,,,,,,,,,--,
HYUNDAI,VELOSTER,USA,12-14,HY02011509,HY02011501,HY02011502,,HY02421509,HY02421501,HY02421502,1,,--,--,--,,--,--,--,--,,2802861,2802812,2802813,,2802871,2802822,2802823,1,,,,,,,,,--,
HYUNDAI,VELOSTER,Canada,12-14,HY02011509,HY02011501,HY02011502,,HY02021509,HY02021501,HY02021502,1,,--,--,--,,--,--,--,--,,2802861,2802812,2802813,,2802881,2802832,2802833,1,,,,,,,,,--,
HYUNDAI,VERACRUZ,,07-12,HY00811509,HY00811501,HY00811502,,HY00821509,HY00821501,HY00821502,2,Except w/ 3rd row seats,--,--,--,,HY0081309,HY0081301,HY0081302,No,Except w/ 3rd row seats,2802971,2802922,2802923,,2802981,2802932,2802933,2,Except w/ 3rd row seats,,,,,2802991,2802942,2802943,No,Except w/ 3rd row seats
INFINITI,EX35,,08-14,IN00311509,IN00311501,IN00311502,,IN00421509,IN00421501,IN00421502,1,,--,--,--,,IN0041309,IN0041301,IN0041302,No,,2803061,2803012,2803013,,2803071,2803022,2803023,1,,,,,,2803081,2803032,2803033,No,
INFINITI,FX35,,09-14,IN00311509,IN00311501,IN00311502,,IN00321509,IN00321501,IN00321502,2,,--,--,--,,IN0091309,IN0091301,IN0091302,Yes,,2803061,2803012,2803013,,2803111,2803062,2803063,2,,,,,,2803121,2803072,2803073,Yes,
INFINITI,FX35,,03-08,IN00011509,IN00011501,IN00011502,,IN00021509,IN00021501,IN00021502,2,,--,--,--,,--,--,--,--,,2803091,2803042,2803043,,2803101,2803052,2803053,2,,,,,,,,,--,
INFINITI,FX45,,03-08,IN00011509,IN00011501,IN00011502,,IN00021509,IN00021501,IN00021502,2,,--,--,--,,--,--,--,--,,2803091,2803042,2803043,,2803101,2803052,2803053,2,,,,,,,,,--,
INFINITI,FX50,,09-14,IN00311509,IN00311501,IN00311502,,IN00321509,IN00321501,IN00321502,2,,--,--,--,,IN0091309,IN0091301,IN0091302,Yes,,2803061,2803012,2803013,,2803111,2803062,2803063,2,,,,,,2803121,2803072,2803073,Yes,
INFINITI,G25,,07-14,IN00611509,IN00611501,IN00611502,,IN00621509,IN00621501,IN00621502,2,,--,--,--,,IN0061309,IN0061301,IN0061302,Yes,,2803131,2803082,2803083,,2803141,2803092,2803093,2,,,,,,2803151,2803102,2803103,Yes,
INFINITI,G35,,07-14,IN00611509,IN00611501,IN00611502,,IN00621509,IN00621501,IN00621502,2,,--,--,--,,IN0061309,IN0061301,IN0061302,Yes,,2803131,2803082,2803083,,2803141,2803092,2803093,2,,,,,,2803151,2803102,2803103,Yes,
INFINITI,G37,Coupe,07-14,IN00611509,IN00611501,IN00611502,,--,--,--,--,,,,,,--,--,--,--,,2803131,2803082,2803083,,,,,--,,,,,,,,,--,
INFINITI,G37,Sedan,07-14,IN00611509,IN00611501,IN00611502,,IN00621509,IN00621501,IN00621502,2,,--,--,--,,IN0061309,IN0061301,IN0061302,Yes,,2803131,2803082,2803083,,2803141,2803092,2803093,2,,,,,,2803151,2803102,2803103,Yes,
INFINITI,JX35,,2013,NS05811509,NS05811501,NS05811502,,NS05821509,NS05821501,NS05821502,1,,--,--,--,,NS0581309,NS0581301,NS0581302,No,,2803261,2803212,2803213,,2803271,2803222,2803223,1,,,,,,2803281,2803232,2803233,No,
INFINITI,M35,,06-10,IN00111509,IN00111501,IN00111502,,IN00121509,IN00121501,IN00121502,2,,--,--,--,,--,--,--,--,,2803181,2803132,2803133,,2803191,2803142,2803143,2,,,,,,,,,--,
INFINITI,M37,,11-14,IN00511509,IN00511501,IN00511502,,IN00521509,IN00521501,IN00521502,2,,--,--,--,,IN0051309,IN0051301,IN0051302,Yes,,2803201,2803152,2803153,,2803211,2803162,2803163,2,,,,,,2807775,2803172,2803173,Yes,
INFINITI,Q50,,2014,IN01711509,IN01711501,IN01711502,,IN01721509,IN01721501,IN017215020,1,,--,--,--,,--,--,--,--,,2803161,2803112,2803113,,2803171,2803122,2809244,1,,,,,,,,,--,
INFINITI,Q80,,11-14,IN00811509,IN00811501,IN00811502,,IN00821509,IN00821501,IN00821502,1,,--,--,--,,IN0081309,IN0081301,IN0081302,Yes,,2803231,2803182,2803183,,2803241,2803192,2803193,1,,,,,,2803251,2803202,2803203,Yes,
INFINITI,QX56,,11-14,IN00811509,IN00811501,IN00811502,,IN00821509,IN00821501,IN00821502,1,,--,--,--,,IN0081309,IN0081301,IN0081302,Yes,,2803231,2803182,2803183,,2803241,2803192,2803193,1,,,,,,2803251,2803202,2803203,Yes,
INFINITI,QX60,,13-14,NS05811509,NS05811501,NS05811502,,NS05821509,NS05821501,NS05821502,1,,--,--,--,,NS0581309,NS0581301,NS0581302,No,Behind 3rd row seats,2803261,2803212,2803213,,2803271,2803222,2803223,1,,,,,,2803281,2803232,2803233,No,Behind 3rd row seats
JEEP,CHEROKEE,,2014,JP01011509,JP01011501,JP01011502,,JP01021509,JP01021501,JP01021502,1,,--,--,--,,JP0101309,JP0101301,JP0101302,No,,2803351,2803302,2803303,,2803361,2803312,2803313,1,,,,,,2803371,2803322,2803323,No,
JEEP,COMMANDER,,06-10,JP00011509,JP00011501,JP00011502,,JP00021509,JP00021501,JP00021502,1,,--,--,--,,--,--,--,--,,2803291,2803242,2803243,,2803301,2803252,2803253,1,,,,,,,,,--,
JEEP,COMPASS,,2014,JP00611509,JP00611501,JP00611502,Passenger side single post,JP00221509,JP00221501,JP00221502,2,,--,--,--,,JP0021309,JP0021301,JP0021302,Yes,,2803321,2803272,2803273,Passenger side single post,2803331,2803282,2803283,2,,,,,,2803341,2803292,2803293,Yes,
JEEP,COMPASS,,07-13,JP00211509,JP00211501,JP00211502,Passenger side no post,JP00221509,JP00221501,JP00221502,2,,--,--,--,,JP0021309,JP0021301,JP0021302,Yes,,2803311,2807784,2807785,Passenger side no post,2803331,2803282,2803283,2,,,,,,2803341,2803292,2803293,Yes,
JEEP,GRAND CHEROKEE,,13-14,JP00511509,JP00511501,JP00511502,Passenger side dual post,JP00421509,JP00421501,JP00421502,1,Bench seat only,--,--,--,,JP0041309,JP0041301,JP0041302,Yes,,2801731,2801732,2801723,Passenger side dual post,2801751,2801752,2801743,1,Bench seat only,,,,,2803411,2803362,2803363,Yes,
JEEP,GRAND CHEROKEE,,11-12,JP00411509,JP00411501,JP00411502,,JP00421509,JP00421501,JP00421502,1,Bench seat only,--,--,--,,JP0041309,JP0041301,JP0041302,Yes,,2801741,2801742,2801733,,2801751,2801752,2801743,1,Bench seat only,,,,,2803411,2803362,2803363,Yes,
JEEP,GRAND CHEROKEE,,05-10,JP00111509,JP00111501,JP00111502,,JP00121509,JP00121501,JP00121502,1,,--,--,--,,JP0011309,JP0011301,JP0011302,Yes,,2803381,2803332,2803333,,2803391,2803342,2803343,1,,,,,,2803401,2803352,2803353,Yes,
JEEP,WRANGLER,4-Door,2014,JP01111509,--,--,,JP01121509,--,--,1,,--,--,--,,JP0031309,--,--,Yes,,2803451,,,,2803461,,,1,,,,,,2803441,,,Yes,
JEEP,WRANGLER,4-Door,07-13,JP00311509,--,--,,JP00321509,--,--,--,,--,--,--,,JP0031309,--,--,Yes,,2803421,,,,2803431,,,--,,,,,,2803441,,,Yes,
JEEP,WRANGLER,2-Door,2014,JP01111509,--,--,,JP01221509,--,--,2,,--,--,--,,--,--,--,--,,2803451,,,,2803471,,,2,,,,,,,,,--,
JEEP,WRANGLER,2-Door,07-13,JP00311509,--,--,,--,--,--,--,,--,--,--,,--,--,--,--,,2803421,,,,,,,--,,,,,,,,,--,
KIA,FORTE,Hatchback,10-13,KA01011509,KA01011501,KA01011502,,KA01021509,KA01021501,KA01021502,1,,--,--,--,,KA0101309,KA0101301,KA0101302,Yes,,2803481,2803372,2803373,,2803491,2803382,2803383,1,,,,,,2803501,2803392,2803393,Yes,
KIA,FORTE,Sedan,2014,KA01711509,KA01711501,KA01711502,,KA01721509,KA01721501,KA01721502,1,,--,--,--,,--,--,--,--,,2803511,2803402,2803403,,2803521,2803412,2803413,1,,,,,,,,,--,
KIA,FORTE,Sedan,10-13,KA01011509,KA01011501,KA01011502,,KA01021509,KA01021501,KA01021502,1,,--,--,--,,KA0101309,KA0101301,KA0101302,Yes,,2803481,2803372,2803373,,2803491,2803382,2803383,1,,,,,,2803501,2803392,2803393,Yes,
KIA,OPTIMA,,2014,KA02511509,KA02511501,KA02511502,,KA02521509,KA02521501,KA02521502,1,Dual post,--,--,--,,--,--,--,--,,2807789,2807787,2807788,,2803561,2803452,2803453,1,Dual post,,,,,,,,--,
KIA,OPTIMA,,11-13,KA02511509,KA02511501,KA02511502,,KA01921509,KA01921501,KA01921502,1,,--,--,--,,--,--,--,--,,2807789,2807787,2807788,,2803551,2807786,2803443,1,,,,,,,,,--,
KIA,OPTIMA,,00-05,KA00111509,KA00111501,KA00111502,,KA00121509,KA00121501,KA00121502,2,,--,--,--,,--,--,--,--,,2803531,2803422,2803423,,2803541,2803432,2803433,2,,,,,,,,,--,
KIA,RIO,Sedan,13-14,KA01411509,KA01411501,KA01411502,,KA01421509,KA01421501,KA01421502,1,,--,--,--,,KA0141309,KA0141301,KA0141302,Yes,,2803741,2803632,2803633,,2803751,2803642,2803643,1,,,,,,2803771,2803662,2803663,Yes,
KIA,RIO 5,Hatchback,13-14,KA01411509,KA01411501,KA01411502,,KA01421509,KA01421501,KA01421502,1,,--,--,--,,KA0211309,KA0211301,KA0211302,No,,2803741,2803632,2803633,,2803751,2803642,2803643,1,,,,,,2803761,2803652,2803653,No,
KIA,RONDO,,2014,KA01511509,KA01511501,KA01511502,,KA01521509,KA01521501,KA01521502,1,,--,--,--,,--,--,--,--,,2803781,2803672,2803673,,2803791,2803682,2803683,1,,,,,,,,,--,
KIA,SPORTAGE,,2014,KA02611509,KA02611501,KA2611502,,KA02621509,KA02621501,KA02621502,1,,--,--,--,,KA0071309,KA0071301,KA0071302,Yes,,2807792,2807790,,,2807794,2807793,2809245,1,,,,,,2803731,2803622,2803623,Yes,
KIA,SPORTAGE,,10-13,KA00711509,KA00711501,KA00711502,,KA02621509,KA02621501,KA02621502,1,,--,--,--,,KA0071309,KA0071301,KA0071302,Yes,,2803711,2803602,2803603,,2807794,2807793,2809245,1,,,,,,2803731,2803622,2803623,Yes,
KIA,SORENTO ,w/o 3rd row seats,2014,KA01611509,KA01611501,KA01611502,,KA02721509,KA02721501,KA02721502,1,,--,--,--,,KA0271309,KA0271301,KA0271302,Yes,,2803601,2803492,2803493,,2803621,2803512,2803513,1,,,,,,2803631,2803522,2803523,Yes,
KIA,SORENTO ,w/ 3rd row seats (CARGO BEHIND 3RD ROW) ,2014,KA01611509,KA01611501,KA01611502,,KA01621509,KA01621501,KA01621502,1,,--,--,--,,KA0161309,KA0161301,KA0161302,Yes,,2803601,2803492,2803493,,2803611,2803502,2803503,1,,,,,,2803641,2803532,2803533,Yes,
KIA,SORENTO ,CARGO BEHIND 3RD ROW ,11-13,KA00911509,KA00911501,KA00911502,,KA00921509,KA00921501,KA00921502,1,,--,--,--,,KA0091309,KA0091301,KA0091302,No,,2803571,2803462,2803463,,2803581,2803472,2803473,1,,,,,,2803591,2803482,2803483,No,
KIA,SOUL,,2014,KA02011509,KA02011501,KA02011502,,KA02021509,KA02021501,KA02021502,1,,--,--,--,,KA0201309,KA0201301,KA0201302,No,,2803681,2803572,2803573,,2803691,2803582,2803583,1,,,,,,2803701,2803592,2803593,No,
KIA,,,10-13,KA00811509,KA00811501,KA00811502,,KA00821509,KA00821501,KA00821502,1,,--,--,--,,KA0081309,KA0081301,KA0081302,No,,2803651,2803542,2803543,,2803661,2803552,2803553,1,,,,,,2803671,2803562,2803563,No,
LANDROVER,LR2,,13-14,LR01211509,LR01211501,LR01211502,Passenger side dual post,LR01221509,LR01221501,LR01221502,2,Four post,--,--,--,,--,--,--,--,,2803821,2803712,2803713,Passenger side dual post,2803831,2803722,2803723,2,Four post,,,,,,,,--,
LANDROVER,,,07-12,LR00111509,LR00111501,LR00111502,,LR00121509,LR00121501,LR00121502,2,,--,--,--,,--,--,--,--,,2803801,2803692,2803693,,2803811,2803702,2803703,2,,,,,,,,,--,
LANDROVER,LR4,,10-14,LR00211509,LR00211501,LR00211502,,LR00221509,LR00221501,LR00221502,1,,--,--,--,,--,--,--,--,,2803871,2803762,2803763,,2803881,2803772,2803773,1,,,,,,,,,--,
LANDROVER,RANGE ROVER,,13-14,LR01011509,LR01011501,LR01011502,,LR01021509,LR01021501,LR01021502,1,,--,--,--,,LR0101309,LR0101301,LR0101302,Yes,,2803841,2803732,2803733,,2803851,2803742,2803743,1,,,,,,2803861,2803752,2803753,Yes,
LANDROVER,RANGE ROVER EVOQUE,,12-14,LR00611509,LR00611501,LR00611502,,LR00621509,LR00621501,LR00621502,1,,--,--,--,,LR0061309,LR0061301,LR0061302,No,,2803891,2803782,2803783,,2803901,2803792,2803793,1,,,,,,2803911,2803802,2803803,No,
LEXUS,CT200H,CARGO w/o Subwoofer,11-14,LX02211509,LX02211501,LX02211502,,LX02221509,LX02221501,LX02221502,1,,--,--,--,,LX0221309,LX0221301,LX0221302,Yes,,2804261,2804152,2804153,,2804271,2804162,2804163,1,,,,,,2804281,2804172,2804173,Yes,
LEXUS,ES350,,13-14,LX02711509,LX02711501,LX02711502,,LX02721509,LX02721501,LX02721502,2,,--,--,--,,LX0271309,LX0271301,LX0271302,No,,2803941,2803832,2803833,,2803951,2803842,2803843,2,,,,,,2803961,2803852,2803853,No,
LEXUS,ES350,,07-12,LX00011509,LX00011501,LX00011502,,LX00011509,LX00021501,LX00021502,2,,--,--,--,,--,--,--,--,,2803921,2803812,2803813,,2803921,2803822,2803823,2,,,,,,,,,--,
LEXUS,ES350h,,13-14,LX02711509,LX02711501,LX02711502,,LX02721509,LX02721501,LX02721502,2,,--,--,--,,LX0291309,LX0291301,LX0291302,No,,2803941,2803832,2803833,,2803951,2803842,2803843,2,,,,,,2803971,2803862,2803863,No,
LEXUS,GS350,AWD,13-14,LX03011509,LX03011501,LX03011502,,LX02521509,LX02521501,LX02521502,2,,--,--,--,,--,--,--,--,,2803991,2803882,2803883,,2804001,2803892,2803893,2,,,,,,,,,--,
LEXUS,GS350,RWD,13-14,LX02511509,LX02511501,LX02511502,,LX02521509,LX02521501,LX02521502,2,,--,--,--,,--,--,--,--,,2803981,2803872,2803873,,2804001,2803892,2803893,2,,,,,,,,,--,
LEXUS,GX460,CARGO BEHIND 2ND SEAT ,13-14,--,--,--,,--,--,--,--,,--,--,--,,TY0421309,TY0421301,TY421302,Yes,,,,,,,,,--,,,,,,2809193,2809219,,Yes,
LEXUS,GX460,,10-12,LX02111509,LX02111501,LX02111502,,LX02121509,LX02121501,LX02121502,1,,--,--,--,,--,--,--,--,,2804011,2803902,2803903,,2804021,2803912,2803913,1,,,,,,,,,--,
LEXUS,IS250,RWD,2014,LX03411509,LX03411501,LX03411502,,LX03421509,LX03421501,LX03421502,2,,--,--,--,,LX0341309,LX0341301,LX0341302,Yes,,2804061,2803952,2803953,,2804071,2803962,2803963,2,,,,,,2804081,2803972,2803973,Yes,
LEXUS,IS250,,06-13,LX00611509,LX00611501,LX00611502,,LX00621509,LX00621501,LX00621502,2,,--,--,--,,LX0061309,LX0061301,LX0061302,No,,2804031,2803922,2803923,,2804041,2803932,2803933,2,,,,,,2804051,2803942,2803943,No,
LEXUS,IS350,RWD,2014,LX03411509,LX03411501,LX03411502,,LX03421509,LX03421501,LX03421502,2,,--,--,--,,LX0341309,LX0341301,LX0341302,Yes,,2804061,2803952,2803953,,2804071,2803962,2803963,2,,,,,,2804081,2803972,2803973,Yes,
LEXUS,IS350,,06-13,LX00611509,LX00611501,LX00611502,,LX00621509,LX00621501,LX00621502,2,,--,--,--,,LX0061309,LX0061301,LX0061302,No,,2804031,2803922,2803923,,2804041,2803932,2803933,2,,,,,,2804051,2803942,2803943,No,
LEXUS,LS460,Base model,07-12,LX01111509,LX01111501,LX01111502,,LX00921509,LX00921501,LX00921502,2,,--,--,--,,LX0091309,LX0091301,LX0091302,No,,2804111,2804002,2804003,,2804121,2804012,2804013,2,,,,,,2804131,2804022,2804023,No,
LEXUS,LS460,L model (CARGO WITH ICE BOX),07-12,LX01111509,LX01111501,LX01111502,,LX01121509,LX01121501,LX01121502,2,,--,--,--,,LX0111309,LX0111301,LX0111302,No,,2804111,2804002,2804003,,2804101,2803992,2803993,2,,,,,,2804141,2804032,2804033,No,
LEXUS,LX570,,12-14,LX02411509,LX02411501,LX02411502,,LX00721509,LX00721501,LX00721502,1,,--,--,--,,--,--,--,--,,2804161,2804052,2804053,,2804171,2804062,2804063,1,,,,,,,,,--,
LEXUS,LX570,,08-11,LX00711509,LX00711501,LX00711502,,LX00721509,LX00721501,LX00721502,1,,--,--,--,,--,--,--,--,,2804151,2804042,2804043,,2804171,2804062,2804063,1,,,,,,,,,--,
LEXUS,RX330,Except Hybrid,04-09,LX01011509,LX01011501,LX01011502,,LX01021509,LX01021501,LX01021502,1,,--,--,--,,LX0201309,LX0201301,LX0201302,Yes,,2804181,2804072,2804073,,2804191,2804082,2804083,1,,,,,,2804201,2804092,2804093,Yes,
LEXUS,RX350,,13-14,LX02611509,LX02611501,LX02611502,,LX01221509,LX01221501,LX01221502,1,,--,--,--,,LX0121309,LX0121301,LX0121302,No,,2804221,2804112,2804113,,2804231,2804122,2804123,1,,,,,,2804241,2804132,2804133,No,
LEXUS,RX350,,,--,--,--,,--,--,--,--,,--,--,--,,LX0361309,LX0361301,LX0361302,Yes,,,,,,,,,--,,,,,,2804251,2804142,2804143,Yes,
LEXUS,RX350,,10-12,LX01211509,LX01211501,LX01211502,,LX01221509,LX01221501,LX01221502,1,,--,--,--,,LX0121309,LX0121301,LX0121302,No,,2804211,2804102,2804103,,2804231,2804122,2804123,1,,,,,,2804241,2804132,2804133,No,
LEXUS,RX350,Except Hybrid,04-09,LX01011509,LX01011501,LX01011502,,LX01021509,LX01021501,LX01021502,1,,--,--,--,,LX0201309,LX0201301,LX0201302,Yes,,2804181,2804072,2804073,,2804191,2804082,2804083,1,,,,,,2804201,2804092,2804093,Yes,
LEXUS,RX450h,,13-14,LX02611509,LX02611501,LX02611502,,LX01221509,LX01221501,LX01221502,1,,--,--,--,,LX0121309,LX0121301,LX0121302,No,,2804221,2804112,2804113,,2804231,2804122,2804123,1,,,,,,2804241,2804132,2804133,No,
LEXUS,RX450h,,,--,--,--,,--,--,--,--,,--,--,--,,LX0361309,LX0361301,LX0361302,Yes,,,,,,,,,--,,,,,,2804251,2804142,2804143,Yes,
LEXUS,RX450h,,10-12,LX01211509,LX01211501,LX01211502,,LX01221509,LX01221501,LX01221502,1,,--,--,--,,LX0121309,LX0121301,LX0121302,No,,2804211,2804102,2804103,,2804231,2804122,2804123,1,,,,,,2804241,2804132,2804133,No,
LINCOLN,NAVIGATOR,,11-14,FR07711509,FR07711501,FR07711502,Dual Post,FR07621509,FR07621501,FR07621502,1,,--,--,--,,--,--,--,--,,2802021,2801972,2801963,Dual Post,2802011,2801962,2801973,1,,,,,,,,,--,
LINCOLN,NAVIGATOR,,07-10,FR07611509,FR07611501,FR07611502,Single Post,FR07621509,FR07621501,FR07621502,1,,--,--,--,,--,--,--,--,,2802001,2801952,2801943,Single Post,2802011,2801962,2801973,1,,,,,,,,,--,
MAZDA,3,Sedan,2014,MZ04311509,MZ04311501,MZ04311502,,MZ04321509,MZ04321501,MZ04321502,1,,--,--,--,,MZ0471309,MZ0471301,MZ0471302,Yes,,2807819,2807817,2807818,,2804421,2804312,2804313,1,,,,,,2804441,2804332,2804333,Yes,
MAZDA,3,Sedan,10-13,MZ01311509,MZ01311501,MZ01311502,,MZ01321509,MZ01321501,MZ01321502,1,,--,--,--,,MZ0141309,MZ0141301,MZ0141302,No,,2804371,2804262,2804263,,2804381,2804272,2804273,1,,,,,,2804391,2804282,2804283,No,
MAZDA,3,Hatchback,2014,MZ04311509,MZ04311501,MZ04311502,,MZ04321509,MZ04321501,MZ04321502,1,,--,--,--,,MZ0431309,MZ0431301,MZ0431302,Yes,,2807819,2807817,2807818,,2804421,2804312,2804313,1,,,,,,2804431,2804322,2804323,Yes,
MAZDA,3,Hatchback,10-13,MZ01311509,MZ01311501,MZ01311502,,MZ01321509,MZ01321501,MZ01321502,1,,--,--,--,,MZ0151309,MZ0151301,MZ0151302,No,,2804371,2804262,2804263,,2804381,2804272,2804273,1,,,,,,2804401,2804292,2804293,No,
MAZDA,5,,12-14,MZ03911509,MZ03911501,MZ03911502,,MZ03921509,MZ03921501,MZ03921502,1,,--,--,--,,--,--,--,--,,2804451,2804342,2804343,,2804461,2804352,2804353,1,,,,,,,,,--,
MAZDA,6,,2014,MZ04011509,MZ04011501,MZ04011502,,MZ04021509,MZ04021501,MZ04021502,1,,--,--,--,,MZ0401309,MZ0401301,MZ0401302,Yes,,2804411,2804302,2804303,,2804501,2804392,2804393,1,,,,,,2804511,2804402,2804403,Yes,
MAZDA,6,,09-13,MZ02111509,MZ02111501,MZ02111502,,MZ02121509,MZ02121501,MZ02121502,2,,--,--,--,,MZ0211309,MZ0211301,MZ0211302,No,,2804471,2804362,2804363,,2804481,2804372,2804373,2,,,,,,2804491,2804382,2804383,No,
MAZDA,CX-5,,13-14,MZ03811509,MZ03811501,MZ03811502,,MZ03821509,MZ03821501,MZ03821502,1,,--,--,--,,MZ0411309,MZ0411301,MZ0411302,Yes,,2804291,2804182,2804183,,2804301,2804192,2804193,1,,,,,,2804311,2804202,2804203,Yes,
MAZDA,CX-7,,07-12,MZ01611509,MZ01611501,MZ01611502,,MZ01621509,MZ01621501,MZ01621502,1,,--,--,--,,MZ0221309,MZ0221301,MZ0221302,Yes,,2804321,2804212,2804213,,2804331,2804222,2804223,1,,,,,,2804341,2804232,2804233,Yes,
MAZDA,CX-9,,07-14,MZ01711509,MZ01711501,MZ01711502,,MZ01721509,MZ01721501,MZ01721502,1,,--,--,--,,--,--,--,--,,2804351,2804242,2804243,,2804361,2804252,2804253,1,,,,,,,,,--,
MAZDA,TRIBUTE,,10-14,MZ02511509,MZ02511501,MZ02511502,Dual Post,MZ02521509,MZ02521501,MZ02521502,1,Dual Post,--,--,--,,--,--,--,--,,2804541,2804432,2804433,Dual Post,2804551,2804442,2804443,1,Dual Post,,,,,,,,--,
MAZDA,TRIBUTE,,11-12,--,--,--,,MZ02421509,MZ02421501,MZ02421502,1,Single Post,--,--,--,,--,--,--,--,,,,,,2804531,2804422,2804423,1,Single Post,,,,,,,,--,
MAZDA,TRIBUTE,,09-10,MZ02511509,MZ02511501,MZ02511502,Single Post,MZ02421509,MZ02421501,MZ02421502,1,Single Post,--,--,--,,--,--,--,--,,2804541,2804432,2804433,Single Post,2804531,2804422,2804423,1,Single Post,,,,,,,,--,
MERCEDES,C-CLASS,Coupe,12-14,MB00911509,MB00911501,MB00911502,,--,--,--,--,,--,--,--,,--,--,--,--,,2804721,2804612,2804613,,,,,--,,,,,,,,,--,
MERCEDES,C-CLASS,Sedan,08-14,MB00911509,MB00911501,MB00911502,,MB00921509,MB00921501,MB00921502,2,,--,--,--,,MB0091309,MB0091301,MB0091302,No,,2804721,2804612,2804613,,2804731,2804622,2804623,2,,,,,,2804741,2804632,2804633,No,
MERCEDES,E-CLASS,Convertible,10-14,MB01511509,MB01511501,MB01511502,Driver side post only,MB01521509,MB01521501,MB01521502,2,,--,--,--,,MB0151309,MB0151301,MB0151302,No,,2804751,2804642,2804643,Driver side post only,2804761,2804652,2804653,2,,,,,,2804771,2804662,2804663,No,
MERCEDES,E-CLASS,Coupe,10-14,MB01511509,MB01511501,MB01511502,Driver side post only,MB01521509,MB01521501,MB01521502,2,,--,--,--,,MB0151309,MB0151301,MB0151302,No,,2804751,2804642,2804643,Driver side post only,2804761,2804652,2804653,2,,,,,,2804771,2804662,2804663,No,
MERCEDES,E-CLASS,Sedan,2014,MB06411509,MB06411501,MB06411502,Driver and passenger post,MB01121509,MB01121501,MB01121502,2,,--,--,--,,MB0111309,MB0111301,MB0111302,No,,2809194,2809220,2809247,Driver and passenger post,2804791,2804682,2804683,2,,,,,,2804801,2804692,2804693,No,
MERCEDES,E-CLASS,Sedan,10-14,MB01111509,--,--,w/o driver and passenger post,MB01121509,MB01121501,MB01121502,2,,--,--,--,,MB0111309,MB0111301,MB0111302,No,,2804781,,,w/o driver and passenger post,2804791,2804682,2804683,2,,,,,,2804801,2804692,2804693,No,
MERCEDES,GL-CLASS,,13-14,MB03911509,MB03911501,MB03911502,,MB03921509,MB03921501,MB03921502,1,,--,--,--,,--,--,--,--,,2804581,2804472,2804473,,2804591,2804482,2804483,1,,,,,,,,,--,
MERCEDES,GL-CLASS,,08-12,MB01311509,MB01311501,MB01311502,,MB01321509,MB01321501,MB01321502,1,,--,--,--,,--,--,--,--,,2804561,2804452,2804453,,2804571,2804462,2804463,1,,,,,,,,,--,
MERCEDES,GLK-CLASS,,09-14,MB01411509,MB01411501,MB01411502,,MB01421509,MB01421501,MB01421502,2,,--,--,--,,MB0141309,MB0141301,MB0141302,No,,2804601,2804492,2804493,,2804611,2804502,2804503,2,,,,,,2804621,2804512,2804513,No,
MERCEDES,ML350,Except BluTec,12-14,MB02911509,MB02911501,MB02911502,,MB02921509,MB02921501,MB02921502,1,,--,--,--,,MB0291309,MB0291301,MB0291302,Yes,,2804661,2804552,2804553,,2804671,2804562,2804563,1,,,,,,2804681,2804572,2804573,Yes,
MERCEDES,ML350,Except BluTec,06-11,MB00811509,MB00811501,MB00811502,,MB00821509,MB00821501,MB00821502,1,,--,--,--,,MB0161309,MB0161301,MB0161302,Yes,,2804631,2804522,2804523,,2804641,2804532,2804533,1,,,,,,2804651,2804542,2804543,Yes,
MERCEDES,R300,Bucket seats,06-12,MB01011509,MB01011501,MB01011502,,MB01021509,MB01021501,MB01021502,2,,--,--,--,,MB0101309,MB0161301,MB0161302,No,,2804691,2804582,2804583,,2804701,2804592,2804593,2,,,,,,2804711,2804542,2804543,No,
MERCEDES,R350,Bucket seats,06-12,MB01011509,MB01011501,MB01011502,,MB01021509,MB01021501,MB01021502,2,,--,--,--,,MB0101309,MB0161301,MB0161302,No,,2804691,2804582,2804583,,2804701,2804592,2804593,2,,,,,,2804711,2804542,2804543,No,
MERCEDES,R500,Bucket seats,06-12,MB01011509,MB01011501,MB01011502,,MB01021509,MB01021501,MB01021502,2,,--,--,--,,MB0101309,MB0161301,MB0161302,No,,2804691,2804582,2804583,,2804701,2804592,2804593,2,,,,,,2804711,2804542,2804543,No,
MERCEDES,S-CLASS,Standard Wheelbase,2014,MB04611509,MB04611501,MB04611502,,MB04621509,MB04621501,MB04621502,2,,--,--,--,,MB0461309,MB0461301,MB0461302,Yes,,2804841,2804732,2804733,,2804851,2804742,2804743,2,,,,,,2804861,2804752,2804753,Yes,
MERCEDES,S-CLASS,,07-13,MB00611509,MB00611501,MB00611502,,MB00621509,MB00621501,MB00621502,2,,--,--,--,,MB0061309,MB0061301,MB0061302,No,w/ ice box,2804811,2804702,2804703,,2804821,2804712,2804713,2,,,,,,2804831,2804722,2804723,No,w/ ice box
MERCEDES,S-CLASS,,,,,,,,,,,,,,,,MB0051309,MB0051301,MB0051302,No,w/o ice box,,,,,,,,,,,,,,2809195,2809221,2809248,No,w/o ice box
MINI,CLUBMAN,,08-14,MN00211509,MN00211501,MN00211502,,MN00321509,MN00321501,MN00321502,2,,--,--,--,,--,--,--,--,,2804871,2804762,2804763,,2804921,2804812,2804813,2,,,,,,,,,--,
MINI,COOPER,"Convertible, S models only",07-13,MN00211509,MN00211501,MN00211502,,MN00121509,MN00121501,MN00121502,2,,--,--,--,,--,--,--,--,,2804871,2804762,2804763,,2804891,2804782,2804783,2,,,,,,,,,--,
MINI,COOPER,Coupe,07-13,MN00211509,MN00211501,MN00211502,,,,,,,,,,,,,,,,2804871,2804762,2804763,,,,,,,,,,,,,,,
MINI,COOPER,Hatchback,2014,MN01011509,MN01011501,MN01011502,,MN01021509,MN01021501,MN01021502,2,,--,--,--,,--,--,--,--,,2804901,2804792,2804793,,2804911,2804802,2804803,2,,,,,,,,,--,
MINI,COOPER,,07-13,MN00211509,MN00211501,MN00211502,,MN00221509,MN00221501,MN00221502,2,,--,--,--,,MN0011309,MN0011301,MN0011302,No,,2804871,2804762,2804763,,2804881,2804772,2804773,2,,,,,,2804931,2804822,2804823,No,
MINI,COOPER COUNTRYMAN,,2014,MN00611509,MN00611501,MN00611502,,MN00921509,MN00921501,MN00921502,2,w/ cup holder,--,--,--,,MN0111309,MN0111301,MN0111302,Yes,Flat storage area only,2804941,2804832,2804833,,2804961,2804852,2804853,2,w/ cup holder,,,,,2804981,2804872,2804873,Yes,Flat storage area only
MINI,COOPER COUNTRYMAN,,11-13,MN00611509,MN00611501,MN00611502,,MN00621509,MN00621501,MN00621502,2,w/o cup holder,--,--,--,,MN0061309,MN0061301,MN0061302,Yes,Flat storage area only,2804941,2804832,2804833,,2804951,2804842,2804843,2,w/o cup holder,,,,,2804971,2804862,2804863,Yes,Flat storage area only
MITSUBISHI,OUTLANDER,,07-14,MT03511509,MT03511501,MT03511502,,MT01021509,MT01021501,MT01021502,1,,--,--,--,,--,--,--,--,,2804991,2804882,2804883,,2805001,2804892,2804893,1,,,,,,,,,--,
MITSUBISHI,OUTLANDER SPORT,,11-14,MT03511509,MT03511501,MT03511502,,MT03521509,MT03521501,MT03521502,1,,--,--,--,,--,--,--,--,,2804991,2804882,2804883,,2805011,2804902,2804903,1,,,,,,,,,--,
MITSUBISHI,OUTLANDER SPORT,,07-10,--,--,--,,MT03521509,MT03521501,MT03521502,1,,--,--,--,,--,--,--,--,,,,,,2805011,2804902,2804903,1,,,,,,,,,--,
NISSAN,370Z,Automatic transmission,09-14,NS03811509,NS03811501,NS03811502,,--,--,--,--,,--,--,--,,--,--,--,--,,2805021,2804912,2804913,,,,,--,,,,,,,,,--,
NISSAN,ALTIMA,Coupe,07-12,NS02411509,NS02411501,NS02411502,,--,--,--,--,,--,--,--,,--,--,--,--,,2805031,2804922,2804923,,,,,--,,,,,,,,,--,
NISSAN,ALTIMA,Sedan,2014,NS07311509,NS07311501,NS07311502,,NS05721509,NS05721501,NS05721502,1,,--,--,--,,NS0571309,NS0571301,NS0571302,Yes,,2805081,2804972,2804973,,2805071,2804962,2804963,1,,,,,,2805091,2804982,2804983,Yes,
NISSAN,ALTIMA,Sedan,2013,NS05711509,NS05711501,NS05711502,,NS05721509,NS05721501,NS05721502,1,,--,--,--,,NS0571309,NS0571301,NS0571302,Yes,,2805061,2804952,2804953,,2805071,2804962,2804963,1,,,,,,2805091,2804982,2804983,Yes,
NISSAN,ALTIMA,Sedan,07-12,NS02411509,NS02411501,NS02411502,,NS02421509,NS02421501,NS02421502,2,,--,--,--,,NS0241309,NS0241301,NS0241302,Yes,,2805031,2804922,2804923,,2805041,2804932,2804933,2,,,,,,2805051,2804942,2804943,Yes,
NISSAN,CUBE,,09-14,NS02611509,NS02611501,NS02611502,,NS02621509,NS02621501,NS02621502,1,,--,--,--,,NS0261309,NS0261301,NS0261302,No,,2805101,2804992,2804993,,2805111,2805002,2805003,1,,,,,,2805121,2805012,2805013,No,
NISSAN,FRONTIER,Extended Cab,05-14,NS01311509,NS01311501,NS01311502,Dual Post,--,--,--,--,,--,--,--,,--,--,--,--,,2805131,2805022,2805023,Dual Post,,,,--,,,,,,,,,--,
NISSAN,FRONTIER,Crew Cab,05-14,NS01311509,NS01311501,NS01311502,Dual Post,NS01321509,NS01321501,NS01321502,1,w/o subwoofer,--,--,--,,--,--,--,--,,2805131,2805022,2805023,Dual Post,2805141,2805032,2805033,1,w/o subwoofer,,,,,,,,--,
NISSAN,JUKE,,11-14,NS03111509,NS03111501,NS03111502,,NS03121509,NS03121501,NS03121502,2,,--,--,--,,--,--,--,--,,2805151,2805042,2805043,,2805161,2805052,2805053,2,,,,,,,,,--,
NISSAN,LEAF,,11-14,NS04911509,NS04911501,NS04911502,,NS04921509,NS04921501,NS04921502,2,,--,--,--,,--,--,--,--,,2805181,2805072,2805073,,2805191,2805082,2805083,2,,,,,,,,,--,
NISSAN,MAXIMA,,09-14,NS03011509,NS03011501,NS03011502,,NS03021509,NS03021501,NS03021502,1,,--,--,--,,NS0301309,NS0301301,NS0301302,No,,2805201,2805092,2805093,,2805211,2805102,2805103,1,,,,,,2805221,2805112,2805113,No,
NISSAN,MURANO,,09-14,NS01811509,NS01811501,NS01811502,,NS01821509,NS01821501,NS01821502,1,,--,--,--,,NS0181309,NS0181301,NS0181302,No,,2805251,2805142,2805143,,2805261,2805152,2805153,1,,,,,,2805271,2805162,2805163,No,
NISSAN,MURANO,,,--,--,--,,--,--,--,--,,--,--,--,,NS0691309,NS0691301,NS0691302,Yes,,,,,,,,,--,,,,,,2809196,2809222,2809249,Yes,
NISSAN,MURANO,,03-08,NS01711509,NS01711501,NS01711502,,NS01721509,NS01721501,NS01721502,--,,--,--,--,,--,--,--,--,,2805231,2805122,2805123,,2805241,2805132,2805133,--,,,,,,,,,--,
NISSAN,PATHFINDER,,13-14,NS05811509,NS05811501,NS05811502,,NS05821509,NS05821501,NS05821502,1,,--,--,--,,NS0581309,NS0581301,NS0581302,No,Behind 3rd row seats,2803261,2803212,2803213,,2803271,2803222,2803223,1,,,,,,2803281,2803232,2803233,No,Behind 3rd row seats
NISSAN,PATHFINDER,,05-12,NS02011509,NS02011501,NS02011502,,NS02021509,NS02021501,NS02021502,1,,--,--,--,,NS0201309,NS0201301,NS0201302,Yes,,2805281,2805172,2805173,,2805291,2805182,2805183,1,,,,,,2805301,2805192,2805193,Yes,
NISSAN,ROGUE,,2014,NS06811509,NS06811501,NS06811502,,NS06821509,NS06821501,NS06821502,1,,--,--,--,,--,--,--,--,,2805371,2805262,2805263,,2805381,2805272,2805273,1,,,,,,,,,--,
NISSAN,ROGUE,,08-13,NS02911509,NS02911501,NS02911502,,NS02921509,NS02921501,NS02921502,1,,--,--,--,,NS0291309,NS0291301,NS0291302,No,,2805331,2805222,2805223,,2805341,2805232,2805233,1,,,,,,2805351,2805242,2805243,No,
NISSAN,ROGUE,,,--,--,--,,--,--,--,--,,--,--,--,,NS0601309,NS0601301,NS0601302,Yes,,,,,,,,,--,,,,,,2805361,2805252,2805253,Yes,
NISSAN,SENTRA,,13-14,NS05611509,NS05611501,NS05611502,,NS05621509,NS05621501,NS05621502,1,,--,--,--,,NS0561309,NS0561301,NS0561302,Yes,,2805391,2805282,2805283,,2805401,2805292,2805293,1,,,,,,2805411,2805302,2805303,Yes,
NISSAN,TITAN,King Cab,04-14,NS02811509,NS02811501,NS02811502,,--,--,--,--,,--,--,--,,--,--,--,--,,2805421,2805312,2805313,,,,,--,,,,,,,,,--,
NISSAN,TITAN,Crew Cab,04-14,NS02811509,NS02811501,NS02811502,,NS02821509,NS02821501,NS02821502,1,Including w/ storage box,--,--,--,,--,--,--,--,,2805421,2805312,2805313,,2805431,2805322,2805323,1,Including w/ storage box,,,,,,,,--,
NISSAN,XTERRA,,2013,--,--,--,,--,--,--,--,,--,--,--,,NS0371309,NS0371301,NS0371302,No,,,,,,,,,--,,,,,,2805321,2805212,2805213,No,
NISSAN,XTERRA,,05-12,NS02111509,NS02111501,NS02111502,,NS02021509,NS02021501,NS02021502,1,,--,--,--,,NS0371309,NS0371301,NS0371302,No,,2805311,2805202,2805203,,2805291,2805182,2805183,1,,,,,,2805321,2805212,2805213,No,
PORSCHE,CAYENNE,,11-14,PO00211509,PO00211501,PO00211502,,PO00221509,PO00221501,PO00221502,1,,--,--,--,,PO0021309,PO0021301,PO0021302,Yes,,2805471,2805362,2805363,,2805481,2805372,2805373,1,,,,,,2805491,2805382,2805383,Yes,
PORSCHE,CAYENNE,,03-10,PO00011509,PO00011501,PO00011502,,PO00021509,PO00021501,PO00021502,2,,--,--,--,,PO0051309,PO0051301,PO0051302,Yes,,2805441,2805332,2805333,,2805451,2805342,2805343,2,,,,,,2805461,2805352,2805353,Yes,
PORSCHE,MACAN,,2014,PO01411509,PO01411501,PO14111502,,PO01421509,PO01421501,PO01421502,1,,--,--,--,,PO0141309,PO0141301,PO0141302,No,,2809197,2809223,2809250,,2809198,2809224,2809251,1,,,,,,2809199,2809225,2809252,No,
PORSCHE,PANAMERA,,10-14,PO00611509,PO00611501,PO00611502,,PO00621509,PO00621501,PO00621502,2,,--,--,--,,--,--,--,--,,2805501,2805392,2805393,,2805511,2805402,2805403,2,,,,,,,,,--,
SCION,FR-S,,13-14,SC00211509,SC00211501,SC00211502,,SC00221509,SC00221501,SC00221502,2,,--,--,--,,--,--,--,--,,2805611,2805502,2805503,,2805621,2805512,2805513,2,,,,,,,,,--,
SCION,tC,,2014,SC00411509,SC00411501,SC00411502,Driver side twist lock retention,SC00121509,SC00121501,SC00121502,2,,--,--,--,,--,--,--,--,,2809200,2809226,2809253,Driver side twist lock retention,2805531,2805422,2805423,2,,,,,,,,,--,
SCION,tC,,11-13,SC00111509,SC00111501,SC00111502,,SC00121509,SC00121501,SC00121502,2,,--,--,--,,SC0011309,SC0011301,SC0011302,Yes,,2805521,2805412,2805413,,2805531,2805422,2805423,2,,,,,,2805541,2805432,2805433,Yes,
SCION,xB,,08-12,SC00511509,SC00511501,SC00511502,,SC00521509,SC00521501,SC00521502,1,,--,--,--,,SC0051309,SC0051301,SC0051302,No,,2805551,2805442,2805443,,2805561,2805452,2805453,1,,,,,,2805571,2805462,2805463,No,
SCION,xD,,13-14,TY10811509,TY10811501,TY10811502,,SC00021509,SC00021501,SC00021502,1,,--,--,--,,--,--,--,--,,2806561,2806452,2806453,,2805601,2805492,2805493,1,,,,,,,,,--,
SCION,xD,,08-12,SC00011509,SC00011501,SC00011502,,SC00021509,SC00021501,SC00021502,1,,--,--,--,,--,--,--,--,,2805581,2805472,2805473,,2805601,2805492,2805493,1,,,,,,,,,--,
SUBARU,FORESTER,,2014,SB00911509,SB00911501,SB00911502,,SB00921509,SB00921501,SB00921502,2,,--,--,--,,SB0091309,SB0091301,SB0091302,Yes,,2805661,2805552,2805553,,2805671,2805562,2805563,2,,,,,,2805681,2805572,2805573,Yes,
SUBARU,FORESTER,,09-13,SB00311509,SB00311501,SB00311502,,SB00321509,SB00321501,SB00321502,2,,--,--,--,,SB0031309,SB0031301,SB0031302,No,,2805631,2805522,2805523,,2805641,2805532,2805533,2,,,,,,2805651,2805542,2805543,No,
SUBARU,IMPREZA,Except WRX,12-14,SB00811509,SB00811501,SB00811502,,SB00821509,SB00821501,SB00821502,1,,--,--,--,,--,--,--,--,,2805721,2805612,2805613,,2805731,2805622,2805623,1,,,,,,,,,--,
SUBARU,IMPREZA,Sedan,02-07,SB00511509,SB00511501,SB00511502,,SB00521509,SB00521501,SB00521502,2,,--,--,--,,SB0051309,SB0051301,SB0051302,No,,2805691,2805582,2805583,,2805701,2805592,2805593,2,,,,,,2805711,2805602,2805603,No,
SUBARU,LEGACY,,10-14,SB00611509,SB00611501,SB00611502,,SB00621509,SB00621501,SB00621502,2,,--,--,--,,SB0041309,SB0041301,SB0041302,No,,2805741,2805632,2805633,,2805751,2805642,2805643,2,,,,,,2805771,2805662,2805663,No,
SUBARU,OUTBACK,,10-14,SB00611509,SB00611501,SB00611502,,SB00621509,SB00621501,SB00621502,2,,--,--,--,,SB0061309,SB0061301,SB0061302,No,,2805741,2805632,2805633,,2805751,2805642,2805643,2,,,,,,2805761,2805652,2805653,No,
SUBARU,XV CROSSTREK,,13-14,SB00811509,SB00811501,SB00811502,,SB00821509,SB00821501,SB00821502,1,,--,--,--,,SB0081309,SB0081301,SB0081302,Yes,,2805721,2805612,2805613,,2805731,2805622,2805623,1,,,,,,2805781,2805672,2805673,Yes,
TOYOTA,4RUNNER,,13-14,TY12811509,TY12811501,TY12811502,,TY04421509,TY04421501,TY04421502,1,,--,--,--,,TY0441309,TY0441301,TY0441302,No,"w/ 3rd row seat, behind row 2",2805821,2805712,2805713,,2805801,2805692,2805693,1,,,,,,2805811,2805702,2805703,No,"w/ 3rd row seat, behind row 2"
TOYOTA,4RUNNER,,10-12,TY04411509,TY04411501,TY04411502,,TY04421509,TY04421501,TY04421502,1,,--,--,--,,TY0441309,TY0441301,TY0441302,No,,2805791,2805682,2805683,,2805801,2805692,2805693,1,,,,,,2805811,2805702,2805703,No,
TOYOTA,AVALON,,13-14,TY13011509,TY13011501,TY13011502,,TY13021509,TY13021501,TY13021502,1,,--,--,--,,TY1301309,TY1301301,TY1301302,Yes,,2805861,2805752,2805753,,2805871,2805762,2805763,1,,,,,,2805881,2805772,2805773,Yes,
TOYOTA,AVALON,,05-12,TY05511509,TY05511501,TY05511502,,TY05521509,TY05521501,TY05521502,1,,--,--,--,,TY1301309,TY1301301,TY1301302,Yes,,2805831,2805722,2805723,,2805841,2805732,2805733,1,,,,,,2805881,2805772,2805773,Yes,
TOYOTA,CAMRY,Gas models,12-14,TY08611509,TY08611501,TY08611502,,TY08621509,TY08621501,TY08621502,1,,--,--,--,,TY0861309,TY0861301,TY0861302,Yes,,2805911,2805802,2805803,,2805921,2805812,2805813,1,,,,,,2805931,2805822,2805823,Yes,
TOYOTA,CAMRY,Hybrid models,12-14,TY08611509,TY08611501,TY08611502,,TY08621509,TY08621501,TY08621502,1,,--,--,--,,TY0891309,TY0891301,TY0891302,Yes,,2805911,2805802,2805803,,2805921,2805812,2805813,1,,,,,,2805941,2805832,2805833,Yes,
TOYOTA,CAMRY,,07-11,TY00411509,TY00411501,TY00411502,,TY00421509,TY00421501,TY00421502,2,,--,--,--,,--,--,--,--,,2805891,2805782,2805783,,2805901,2805792,2805793,2,,,,,,,,,--,
TOYOTA,COROLLA,,2014,TY13711509,TY13711501,TY13711502,,TY13721509,TY13721501,TY13721502,1,,--,--,--,,TY1371309,TY1371301,TY1371302,Yes,,2805981,2805872,2805873,,2805991,2805882,2805883,1,,,,,,2806001,2805892,2805893,Yes,
TOYOTA,COROLLA,,09-13,TY05911509,TY05911501,TY05911502,,TY05921509,TY05921501,TY05921502,1,,--,--,--,,TY0591309,TY0591301,TY0591302,No,,2805951,2805842,2805843,,2805961,2805852,2805853,1,,,,,,2805971,2805862,2805863,No,
TOYOTA,HIGHLANDER,Gas models,2014,TY16311509,TY16311501,TY16311502,,TY16321509,TY16321501,TY16321502,1,,--,--,--,,TY1631309,TY1631301,TY1631302,Yes,,2806061,2805952,2805953,,2806071,2805962,2805963,1,,,,,,2806081,2805972,2805973,Yes,
TOYOTA,HIGHLANDER,,08-13,TY07611509,TY07611501,TY07611502,,TY07621509,TY07621501,TY07621502,1,,--,--,--,,TY0761309,TY0761301,TY0761302,Yes,,2806041,2805932,2805933,,2806051,2805942,2805943,1,,,,,,2806031,2805922,2805923,Yes,
TOYOTA,HIGHLANDER,Hybrid models,08-13,TY07711509,TY07711501,TY07711502,,TY07721509,TY07721501,TY07721502,1,,--,--,--,,TY0761309,TY0761301,TY0761302,Yes,,2806011,2805902,2805903,,2806021,2805912,2805913,1,,,,,,2806031,2805922,2805923,Yes,
TOYOTA,LAND CRUISER,,13-14,LX02411509,LX02411501,LX02411502,,TY01821509,TY01821509,TY01821509,1,,--,--,--,,TY0181309,TY0181301,TY0181302,No,,2804161,2804052,2804053,,2806091,2806091,2806091,1,,,,,,2806101,2805992,2805993,No,
TOYOTA,LAND CRUISER,,08-12,LX00711509,LX00711501,LX00711502,,TY01821509,TY01821501,TY01821502,1,,--,--,--,,TY0181309,TY0181301,TY0181302,No,,2804151,2804042,2804043,,2806091,2805982,2805983,1,,,,,,2806101,2805992,2805993,No,
TOYOTA,MATRIX,Automatic transmission,09-12,TY08511509,TY08511501,TY08511502,,TY08521509,TY08521501,TY08521502,1,,--,--,--,,--,--,--,--,,2806131,2806022,2806023,,2806141,2806032,2806033,1,,,,,,,,,--,
TOYOTA,MATRIX,,03-08,TY04311509,TY04311501,TY04311502,,TY04321509,TY04321501,TY04321502,2,,--,--,--,,--,--,--,--,,2806111,2806002,2806003,,2806121,2806012,2806013,2,,,,,,,,,--,
TOYOTA,PRIUS,,04-09,TY03411509,TY03411501,TY03411502,,TY03421509,TY03421501,TY03421502,2,,--,--,--,,--,--,--,--,,2806151,2806042,2806043,,2806161,2806052,2806053,2,,,,,,,,,--,
TOYOTA,PRIUS 3,,12-15,TY09211509,TY09211501,TY09211502,,TY09221509,TY09221501,TY09221502,1,,--,--,--,,TY0921309,TY0921301,TY0921302,No,,2806201,2806092,2806093,,2806181,2806072,2806073,1,,,,,,2806191,2806082,2806083,No,
TOYOTA,PRIUS 3,,10-11,TY04011509,TY04011501,TY04011502,,TY09221509,TY09221501,TY09221502,1,,--,--,--,,TY0921309,TY0921301,TY0921302,No,,2806171,2806062,2806063,,2806181,2806072,2806073,1,,,,,,2806191,2806082,2806083,No,
TOYOTA,PRIUS C,,12-14,TY09511509,TY09511501,TY09511502,,TY09521509,TY09521501,TY09521502,1,,--,--,--,,TY0951309,TY0951301,TY0951302,Yes,,2806231,2806122,2806123,,2806241,2806132,2806133,1,,,,,,2806251,2806142,2806143,Yes,
TOYOTA,PRIUS V,,12-14,TY09211509,TY09211501,TY09211502,,TY09721509,TY09721501,TY09721502,1,,--,--,--,,TY0971309,TY0971301,TY0971302,Yes,,2806201,2806092,2806093,,2806211,2806102,2806103,1,,,,,,2806221,2806112,2806113,Yes,
TOYOTA,RAV4,,13-14,TY12711509,TY12711501,TY12711502,,TY12721509,TY12721501,TY12721502,1,,--,--,--,,TY1271309,TY1271301,TY1271302,Yes,,2806291,2806182,2806183,,2806301,2806192,2806193,1,,,,,,2806311,2806202,2806203,Yes,
TOYOTA,RAV4,w/o 3rd row seats,06-12,TY02311509,TY02311501,TY02311502,,TY02321509,TY02321501,TY02321502,1,,--,--,--,,TY0481309,TY0481301,TY0481302,Yes,,2806261,2806152,2806153,,2806271,2806162,2806163,1,,,,,,2806281,2806172,2806173,Yes,
TOYOTA,SEQUOIA,,12-14,TY06211509,TY06211501,TY06211502,,TY05121509,TY05121501,TY05121502,1,Bench seat only,--,--,--,,TY0511309,TY0511301,TY0511302,Yes,Behind row 2,2806331,2806222,2806223,,2806341,2806232,2806233,1,Bench seat only,,,,,2806351,2806242,2806243,Yes,Behind row 2
TOYOTA,SEQUOIA,,08-11,TY06111509,TY06111501,TY06111502,,TY05121509,TY05121501,TY05121502,1,Bench seat only,--,--,--,,TY0511309,TY0511301,TY0511302,Yes,Behind row 2,2806321,2806212,2806213,,2806341,2806232,2806233,1,Bench seat only,,,,,2806351,2806242,2806243,Yes,Behind row 2
TOYOTA,SIENNA,,13-14,TY13111509,TY13111501,TY13111502,,--,--,--,--,,--,--,--,,--,--,--,--,,2806371,2806262,2806263,,,,,--,,,,,,,,,--,
TOYOTA,,,11-12,TY05611509,TY05611501,TY05611502,,--,--,--,--,,--,--,--,,--,--,--,--,,2806361,2806252,2806253,,,,,--,,,,,,,,,--,
TOYOTA,TACOMA,"Extended Cab, Automatic transmission",12-14,TY09011509,TY09011501,TY09011502,Passenger side dual post,TY09121509,TY09121501,TY09121502,1,,--,--,--,,--,--,--,--,,2806411,2806302,2806303,Passenger side dual post,2806421,2806312,2806313,1,,,,,,,,,--,
TOYOTA,TACOMA,,05-11,TY07511509,TY07511501,TY07511502,,TY07521509,TY07521501,TY07521502,1,,--,--,--,,--,--,--,--,,2806381,2806272,2806273,,2806391,2806282,2806283,1,,,,,,,,,--,
TOYOTA,TACOMA,"DOUBLE Cab, Automatic transmissionDOUBLE Cab, Automatic transmissionDOUBLE Cab, Automatic transmission",12-14,TY09011509,TY09011501,TY09011502,Passenger side dual post,TY05721509,TY05721501,TY05721502,1,,--,--,--,,--,--,--,--,,2806411,2806302,2806303,Passenger side dual post,2806401,2806292,2806293,1,,,,,,,,,--,
TOYOTA,TACOMA,,05-11,TY07511509,TY07511501,TY07511502,,TY05721509,TY05721501,TY05721502,1,,--,--,--,,--,--,--,--,,2806381,2806272,2806273,,2806401,2806292,2806293,1,,,,,,,,,--,
TOYOTA,TUNDRA,Regular Cab,12-14,TY06211509,TY06211501,TY06211502,,--,--,--,--,,--,--,--,,--,--,--,--,,2806331,2806222,2806223,,,,,--,,,,,,,,,--,
TOYOTA,TUNDRA,Regular Cab,07-11,TY06111509,TY06111501,TY06111502,,--,--,--,--,,--,--,--,,--,--,--,--,,2806321,2806212,2806213,,,,,--,,,,,,,,,--,
TOYOTA,TUNDRA,Crew MAXCrew MAXCrew MAX,2014,TY06211509,TY06211501,TY06211502,,TY06421509,TY06421501,TY06421502,1,,--,--,--,,--,--,--,--,,2806331,2806222,2806223,,2806461,2806352,2806353,1,,,,,,,,,--,
TOYOTA,TUNDRA,Crew MAXCrew MAXCrew MAX,12-13,TY06211509,TY06211501,TY06211502,,TY06221509,TY06221501,TY06221502,1,,--,--,--,,--,--,--,--,,2806331,2806222,2806223,,2806441,2806332,2806333,1,,,,,,,,,--,
TOYOTA,TUNDRA,Crew MAXCrew MAXCrew MAX,07-11,TY06111509,TY06111501,TY06111502,,TY06221509,TY06221501,TY06221502,1,,--,--,--,,--,--,--,--,,2806321,2806212,2806213,,2806441,2806332,2806333,1,,,,,,,,,--,
TOYOTA,TUNDRA,DOUBLE Cab,2014,TY06211509,TY06211501,TY06211502,,TY06321509,TY06321501,TY06321502,1,,--,--,--,,--,--,--,--,,2806331,2806222,2806223,,2806451,2806342,2806343,1,,,,,,,,,--,
TOYOTA,TUNDRA,DOUBLE Cab,12-13,TY06211509,TY06211501,TY06211502,,TY06121509,TY06121501,TY06121502,1,,--,--,--,,--,--,--,--,,2806331,2806222,2806223,,2806431,2806322,2806323,1,,,,,,,,,--,
TOYOTA,TUNDRA,DOUBLE Cab,07-11,TY06111509,TY06111501,TY06111502,,TY06121509,TY06121501,TY06121502,1,,--,--,--,,--,--,--,--,,2806321,2806212,2806213,,2806431,2806322,2806323,1,,,,,,,,,--,
TOYOTA,VENZA,,13-14,TY13411509,TY13411501,TY13411502,Twist lock retention,TY07821509,TY07821501,TY07821502,1,,--,--,--,,TY0781309,TY0781301,TY0781302,Yes,,2806501,2806392,2806393,Twist lock retention,2806481,2806372,2806373,1,,,,,,2806511,2806402,2806403,Yes,
TOYOTA,VENZA,,2012,TY13311509,TY13311501,TY13311502,,TY07821509,TY07821501,TY07821502,1,,--,--,--,,TY0781309,TY0781301,TY0781302,Yes,,2806491,2806382,2806383,,2806481,2806372,2806373,1,,,,,,2806511,2806402,2806403,Yes,
TOYOTA,VENZA,,09-11,TY07811509,TY07811501,TY07811502,,TY07821509,TY07821501,TY07821502,1,,--,--,--,,TY0781309,TY0781301,TY0781302,Yes,,2806471,2806362,2806363,,2806481,2806372,2806373,1,,,,,,2806511,2806402,2806403,Yes,
TOYOTA,YARIS,Hatchback,12-14,TY10811509,TY10811501,TY10811502,,TY10821509,TY10821501,TY10821502,1,,--,--,--,,TY1081309,TY1081301,TY1081302,Yes,,2806561,2806452,2806453,,2806571,2806462,2806463,1,,,,,,2806581,2806472,2806473,Yes,
TOYOTA,YARIS,Sedan,07-11,TY07211509,TY07211501,TY07211502,,TY07221509,TY07221501,TY07221502,1,,--,--,--,,--,--,--,--,,2806541,2806432,2806433,,2806551,2806442,2806443,1,,,,,,,,,--,
VOLKSWAGEN,BEETLE,,98-10,VW00511509,VW00511501,VW00511502,,VW00521509,VW00521501,VW00521502,2,,--,--,--,,--,--,--,--,,2806641,2806532,2806533,,2806651,2806542,2806543,2,,,,,,,,,--,
VOLKSWAGEN,JETTA,Except Hybrid & TDI,11-14,VW03611509,VW03611501,VW03611502,,VW03621509,VW03621501,VW03621502,2,,--,--,--,,VW0361309,VW0361301,VW0361302,Yes,,2806611,2806502,2806503,,2806621,2806512,2806513,2,,,,,,2806631,2806522,2806523,Yes,
VOLKSWAGEN,JETTA,Except TDI,05-10,VW00811509,VW00811501,VW00811502,,VW00821509,VW00821501,VW00821502,2,,--,--,--,,VW0361309,VW0361301,VW0361302,Yes,,2806591,2806482,2806483,,2806601,2806492,2806493,2,,,,,,2806631,2806522,2806523,Yes,
VOLKSWAGEN,PASSAT,,12-14,VW04311509,VW04311501,VW04311502,,VW04321509,VW04321501,VW04321502,2,,--,--,--,,VW0431309,VW0431301,VW0431302,Yes,,2806691,2806582,2806583,,2806701,2806592,2806593,2,,,,,,2806711,2806602,2806603,Yes,
VOLKSWAGEN,PASSAT,,06-11,VW01511509,VW01511501,VW01511502,,VW01521509,VW01521501,VW01521502,2,,--,--,--,,VW0151309,VW0151301,VW0151302,No,,2806661,2806552,2806553,,2806671,2806562,2806563,2,,,,,,2806681,2806572,2806573,No,
VOLKSWAGEN,TIGUAN,,09-14,VW02111509,VW02111501,VW02111502,,VW02121509,VW02121501,VW02121502,1,,--,--,--,,VW0211309,VW0211301,VW0211302,No,,2806721,2806612,2806613,,2806731,2806622,2806623,1,,,,,,2806741,2806632,2806633,No,
VOLKSWAGEN,TOUAREG,,11-14,VW03411509,VW03411501,VW03411502,,VW03421509,VW03421501,VW03421502,1,,--,--,--,,VW0341309,VW0341301,VW0341302,Yes,,2806781,2806672,2806673,,2806791,2806682,2806683,1,,,,,,2806801,2806692,2806693,Yes,
VOLKSWAGEN,TOUAREG,,03-10,VW01211509,VW01211501,VW01211502,,VW01221509,VW01221501,VW01221502,2,,--,--,--,,VW0121309,VW0121301,VW0121302,Yes,,2806751,2806642,2806643,,2806761,2806652,2806653,2,,,,,,2806771,2806662,2806663,Yes,
VOLVO,C30,,07-14,VV00711509,VV00711501,VV00711502,,VV00721509,VV00721501,VV00721502,1,,--,--,--,,VV0071309,VV0071301,VV0071302,No,,2806811,2806702,2806703,,2806821,2806712,2806713,1,,,,,,2806831,2806722,2806723,No,
VOLVO,S40,,03-11,VV00311509,VV00311501,VV00311502,,VV00321509,VV00321501,VV00321502,2,,--,--,--,,VV0031309,VV0031301,VV0031302,No,,2806841,2806732,2806733,,2806851,2806742,2806743,2,,,,,,2806861,2806752,2806753,No,
VOLVO,S60,,10-14,VV00611509,VV00611501,VV00611502,,VV00821509,VV00821501,VV00821502,2,,--,--,--,,VV0081309,VV0081301,VV0081302,Yes,,2806871,2806762,2806763,,2806881,2806772,2806773,2,,,,,,2806891,2806782,2806783,Yes,
VOLVO,S80,,07-12,VV00211509,VV00211501,VV00211502,,VV00221509,VV00221501,VV00221502,2,,--,--,--,,VV0021309,VV0021301,VV0021302,No,,2806901,2806792,2806793,,2806911,2806802,2806803,2,,,,,,2806921,2806812,2806813,No,
VOLVO,XC60,,09-14,VV00611509,VV00611501,VV00611502,,VV00621509,VV00621501,VV00621502,2,,--,--,--,,VV0061309,VV0061301,VV0061302,Yes,,2806871,2806762,2806763,,2806931,2806822,2806823,2,,,,,,2806941,2806832,2806833,Yes,
VOLVO,XC90,CARGO 5 SEAT (BEHIND 2ND SEAT ),03-14,VV00411509,VV00411501,VV00411502,,VV00421509,VV00421501,VV00421502,2,,--,--,--,,VV0011309,VV0011301,VV0011302,No,,2806951,2806842,2806843,,2806961,2806852,2806853,2,,,,,,2806981,2806872,2806873,No,
VOLVO,,CARGO 7 SEAT (BEHIND 3RD SEAT ),,,,,,,,,,,,,,,VV0041309,VV0041301,VV0041302,No,,,,,,,,,,,,,,,2806971,2806862,2806863,No,
